ID,first_name,last_name,code melli master,phone,email,grade,field
100200,Karim,Ewbanche,310157,619-322-4550,kewbanche0@quantcast.com,KS,Financial Analyst
105200,Ely,Whittall,533786,407-757-6451,ewhittall1@twitpic.com,MA,Account Coordinator
2503400,Aloysius,Dunks,484116,248-141-1876,adunks2@nps.gov,NJ,Human Resources Manager
105500,Cornie,Kerrod,347077,304-852-3259,ckerrod3@harvard.edu,PA,Design Engineer
100500,Anastasia,Orteu,875045,812-226-9272,aorteu4@go.com,NC,Cost Accountant
105100,Kerrill,Duckels,406025,269-288-5494,kduckels5@patch.com,NY,Tax Accountant
100700,Lynn,Dyer,364416,330-211-9498,ldyer6@blogspot.com,TX,Graphic Designer
100800,Teddy,Coppledike,526044,720-403-6612,tcoppledike7@nifty.com,SC,Human Resources Manager
831000,Hannie,Guare,451642,571-758-9881,hguare8@nyu.edu,CA,Graphic Designer
100900,Ardenia,Forber,76385,573-992-7114,aforber9@mlb.com,FL,Geologist III
101200,Gav,Hews,887823,949-596-6570,ghewsa@spotify.com,TX,Software Engineer III
1218200,Woody,Eakle,864490,304-645-4044,weakleb@youku.com,TX,VP Sales
1055400,Johnny,Fretson,898359,916-272-1328,jfretsonc@ucoz.ru,NE,Assistant Manager
1303906,Lyssa,Robard,750254,302-614-2398,lrobardd@google.pl,NY,Assistant Media Planner
101500,Lanette,Finnemore,208308,727-980-9514,lfinnemoree@mtv.com,MO,Safety Technician I
106000,Winslow,Stranger,459695,612-906-5682,wstrangerf@china.com.cn,DE,Senior Sales Associate
100300,Raymund,Plester,957749,217-661-4758,rplesterg@live.com,WA,Environmental Specialist
101700,Maudie,Coursor,42777,503-376-3743,mcoursorh@webeden.co.uk,NY,Chemical Engineer
4187200,Flem,Titcombe,874262,915-848-0327,ftitcombei@mlb.com,UT,Assistant Media Planner
101800,Jose,Clell,188270,260-800-3512,jclellj@hud.gov,DC,Financial Analyst
787100,Ransell,Millthorpe,368925,702-663-4992,rmillthorpek@imgur.com,CA,Teacher
569900,Avril,Wiltshire,485430,225-469-6079,awiltshirel@icq.com,WA,Legal Assistant
962107,Shanan,Paolazzi,411787,269-542-7158,spaolazzim@mtv.com,DC,Recruiter
101900,Guenna,Mulderrig,729318,919-454-8608,gomulderrign@liveinternet.ru,MI,Staff Accountant III
2199700,Ravid,Beecroft,650499,406-673-2898,rbeecrofto@exblog.jp,MA,Help Desk Technician
526000,Alric,Tonnesen,171674,860-476-3251,atonnesenp@cbslocal.com,OK,VP Accounting
102000,Brendan,Dalby,810549,814-593-4261,bdalbyq@diigo.com,WA,Human Resources Assistant II
102100,Ketti,Vennard,122340,785-986-5603,kvennardr@irs.gov,NV,Product Engineer
102200,Trescha,Brunotti,160560,775-771-4032,tbrunottis@so-net.ne.jp,TX,Developer I
101300,Lilyan,Waterfield,594970,315-154-3048,lwaterfieldt@fc2.com,PA,Recruiting Manager
102300,Craig,Timblett,446188,909-548-8315,ctimblettu@tuttocitta.it,MO,Design Engineer
105900,La verne,Pablos,1829,916-363-4122,lpablosv@upenn.edu,NY,Senior Developer
102400,Nanice,O'Neary,797796,619-463-4875,nonearyw@networkadvertising.org,FL,Geologist III
898800,Alanson,Mahood,607146,281-576-7977,amahoodx@columbia.edu,NV,General Manager
102600,Darius,Snead,66912,504-797-7896,dsneady@kickstarter.com,FL,Account Executive
102800,Jenn,Jendrys,61850,619-110-8795,jjendrysz@cornell.edu,TX,Social Worker
102900,Michell,Avrashin,765981,907-841-2830,mavrashin10@npr.org,NV,Community Outreach Specialist
100400,Kyle,Sands-Allan,762427,804-524-7314,ksandsallan11@bbc.co.uk,WI,Database Administrator III
569700,Sully,Van Dale,748286,202-520-3551,svandale12@t.co,TX,Accountant IV
101600,Clay,MacCaig,96834,916-844-4246,cmaccaig13@gov.uk,MT,Clinical Specialist
103100,Raquel,Fisher,432874,228-295-4949,rfisher14@stumbleupon.com,HI,Systems Administrator I
103300,Anatole,Points,491334,432-941-1213,apoints15@hhs.gov,UT,Sales Representative
103400,Tucky,Sant,285460,267-189-4021,tsant16@weibo.com,TX,Developer IV
2296000,Eberto,Brettell,72475,202-832-0630,ebrettell17@scribd.com,NY,Sales Associate
569200,Sherrie,Filippo,510496,201-462-8118,sfilippo18@uiuc.edu,IA,Marketing Assistant
103000,Kattie,Bourhill,849695,616-706-9060,kbourhill19@hp.com,AZ,Database Administrator II
103600,Cyrillus,Tate,963733,503-903-9826,ctate1a@arstechnica.com,TX,Senior Quality Engineer
4067300,Thedric,Ropartz,886955,785-813-8037,tropartz1b@cnbc.com,CA,Business Systems Development Analyst
569100,Enoch,Ahrend,160390,754-463-4864,eahrend1c@devhub.com,TX,Environmental Specialist
103800,Pearline,Straniero,543848,517-803-7548,pstraniero1d@liveinternet.ru,TX,Financial Analyst
105700,Vallie,Josifovitz,494225,816-517-5442,vjosifovitz1e@mashable.com,GA,Recruiter
104100,Malynda,Candlish,978635,903-338-2615,mcandlish1f@imgur.com,CA,Account Coordinator
2270400,Perry,Longthorn,710963,540-694-4118,plongthorn1g@theatlantic.com,AR,VP Sales
104400,Clo,Pitherick,918421,404-194-6296,cpitherick1h@huffingtonpost.com,WA,Accountant II
104600,Doe,Whickman,519655,404-895-4079,dwhickman1i@army.mil,TX,Structural Engineer
573400,Fredrick,Eake,59258,801-778-8408,feake1j@virginia.edu,FL,Legal Assistant
104700,Tildi,Spanton,62858,727-727-8222,tspanton1k@bing.com,VA,Executive Secretary
105000,Maiga,Trime,763909,860-342-7174,mtrime1l@boston.com,MD,Pharmacist
2170600,Octavia,Pottiphar,497486,614-767-1151,opottiphar1m@bloomberg.com,FL,Quality Engineer
573305,Sonni,Birds,798596,972-457-4867,sbirds1n@vimeo.com,MO,GIS Technical Architect
1146200,Cleo,Witherdon,317069,405-327-1233,cwitherdon1o@sogou.com,CA,Director of Sales
884300,Cornie,Andreini,822767,574-910-7272,candreini1p@typepad.com,MI,Web Designer III
106300,Malachi,Hennington,972973,812-530-2353,mhennington1q@uiuc.edu,TX,Data Coordiator
106500,Javier,Grzesiak,257257,260-603-3280,jgrzesiak1r@privacy.gov.au,TX,Recruiter
106100,Dulcea,Chadbourne,639012,915-670-7680,dchadbourne1s@linkedin.com,FL,Assistant Media Planner
3160300,Fidelia,Robens,23781,214-126-7294,frobens1t@bandcamp.com,CA,Marketing Assistant
2576900,Puff,Ibbotson,871156,339-347-5807,pibbotson1u@odnoklassniki.ru,AL,Analyst Programmer
1146205,Frannie,Elliman,290777,808-992-9167,felliman1v@nbcnews.com,NY,Office Assistant IV
2541000,Gayle,McKague,593146,281-598-2467,gmckague1w@github.com,IL,Editor
2295000,Red,Veitch,254413,915-762-0448,rveitch1x@berkeley.edu,NC,Editor
2160305,Garfield,Cassel,77477,865-149-8056,gcassel1y@dot.gov,FL,Software Engineer III
1293700,Louis,Cokely,143023,706-758-3332,lcokely1z@gov.uk,NC,Registered Nurse
886500,Craggy,Crudge,655696,407-507-7751,ccrudge20@chicagotribune.com,UT,Administrative Assistant I
107000,Alidia,Ducrow,356782,415-568-7693,aducrow21@cnet.com,AZ,Senior Editor
2199900,Karole,Arkow,135570,702-403-3633,karkow22@paginegialle.it,FL,Software Engineer IV
2317800,Paton,Meacher,311381,719-299-4888,pmeacher23@homestead.com,NY,Civil Engineer
2100600,Heall,Cristol,899523,904-333-3142,hcristol24@deliciousdays.com,FL,Payment Adjustment Coordinator
2100611,Witty,Gregorin,50098,602-625-1401,wgregorin25@surveymonkey.com,DC,Information Systems Manager
2100607,Lizzie,Mattaser,44950,913-156-8384,lmattaser26@theguardian.com,KS,Accounting Assistant III
3120300,Cindee,Coundley,368829,213-697-9930,ccoundley27@cnbc.com,NV,Community Outreach Specialist
886400,Maurene,Fricke,357526,318-583-0005,mfricke28@go.com,TX,Internal Auditor
1084700,Sam,Saywell,921473,801-284-3944,ssaywell29@google.co.uk,TX,Safety Technician IV
2218800,Jeremy,Eagan,570647,402-934-9229,jeagan2a@microsoft.com,AR,Pharmacist
108100,Roi,Fould,974802,303-867-9124,rfould2b@rediff.com,MD,Pharmacist
107100,Nahum,Mostin,519539,909-723-3854,nmostin2c@networkadvertising.org,NV,Electrical Engineer
108300,Crystie,Peplow,944143,817-969-3456,cpeplow2d@noaa.gov,CA,Technical Writer
2491500,De witt,Kloser,610188,510-333-2671,dkloser2e@51.la,FL,VP Marketing
2561900,Aubrie,Bautiste,852675,775-447-2343,abautiste2f@intel.com,GA,VP Sales
728300,Lorrie,Twallin,637055,318-990-8068,ltwallin2g@fda.gov,TX,Help Desk Operator
4051325,Gabbie,Riddock,556456,512-881-2377,griddock2h@delicious.com,OH,Software Test Engineer I
2280500,Oralle,Begbie,248730,865-139-3395,obegbie2i@cdc.gov,WA,Account Executive
107200,Phyllis,Senter,219563,216-628-4336,psenter2j@ning.com,WV,Speech Pathologist
1180800,Lavena,Kench,337812,712-563-1581,lkench2k@japanpost.jp,UT,Programmer Analyst I
1180801,Margit,Kildea,536629,314-402-0335,mkildea2l@uiuc.edu,OH,Compensation Analyst
2582700,Sammy,Wonfar,766591,808-904-0189,swonfar2m@blogs.com,GA,Marketing Manager
1072702,Bert,Kiera,54062,860-981-4700,bkiera2n@dell.com,WV,Operator
1085800,Barthel,Le Gassick,153211,713-817-8574,blegassick2o@zdnet.com,TX,Project Manager
107300,Irina,Gallegos,172609,775-651-5418,igallegos2p@indiatimes.com,NC,Junior Executive
147902,Stearn,Bucham,413528,803-791-5387,sbucham2q@java.com,AL,Software Engineer IV
2533200,Caleb,Botcherby,116976,407-191-8830,cbotcherby2r@newyorker.com,AL,Dental Hygienist
107600,Hartley,Mcasparan,918302,484-730-7033,hmcasparan2s@myspace.com,MO,Internal Auditor
107400,Parsifal,Raddon,76246,303-128-1466,praddon2t@uol.com.br,CA,Help Desk Operator
2263100,Arlen,O'Keaveny,756544,860-149-6219,aokeaveny2u@soundcloud.com,LA,Senior Sales Associate
1218400,Willa,Skeates,651257,419-893-8932,wskeates2v@nytimes.com,FL,Nuclear Power Engineer
2071200,Fons,Jirus,608941,831-814-3119,fjirus2w@reddit.com,NY,Sales Representative
830300,Ninnetta,Crickmer,71590,717-202-1059,ncrickmer2x@about.me,AZ,Office Assistant IV
107700,Jamey,Carslake,85134,563-805-0897,jcarslake2y@about.me,MN,Teacher
732990,Paulina,Ironmonger,219177,619-936-9290,pironmonger2z@oaic.gov.au,NY,VP Accounting
732911,Geralda,Vassar,43287,212-912-4941,gvassar30@eepurl.com,NY,Statistician I
1186400,Rosemary,Greenhaugh,202014,617-396-8572,rgreenhaugh31@lulu.com,NC,Senior Quality Engineer
2100500,Cecilia,Shercliff,496552,480-793-0389,cshercliff32@slashdot.org,GA,Pharmacist
824600,Dulcie,Halewood,426811,315-178-8528,dhalewood33@bigcartel.com,NY,Programmer Analyst III
108200,Lydia,Digman,643119,334-143-2656,ldigman34@dagondesign.com,NJ,Research Associate
1186200,Simone,Evins,9940,210-239-6874,sevins35@psu.edu,SD,Nuclear Power Engineer
193701,Teodoor,Nend,518007,203-462-6873,tnend36@apache.org,KY,Financial Analyst
107800,Kellen,Lacotte,222363,508-497-9319,klacotte37@toplist.cz,NY,Safety Technician I
2623800,Dalt,Aldridge,993335,202-322-3401,daldridge38@virginia.edu,NC,Nurse
2098800,Michele,Jakoub,926183,215-190-3669,mjakoub39@edublogs.org,DC,VP Accounting
726600,Frederigo,Savege,947541,301-293-4227,fsavege3a@gov.uk,OH,Speech Pathologist
2217100,Harrietta,Bodd,29079,559-799-6224,hbodd3b@cdbaby.com,TX,Community Outreach Specialist
2217103,Eben,Walicki,529894,612-598-8086,ewalicki3c@feedburner.com,WV,Design Engineer
2065300,Marchall,Ogilvie,509564,214-387-2968,mogilvie3d@homestead.com,TX,Account Coordinator
1168900,Torry,Carnie,997920,727-171-2610,tcarnie3e@biglobe.ne.jp,TX,Information Systems Manager
2177500,Zachariah,Pinkstone,174164,775-308-1867,zpinkstone3f@businesswire.com,NC,Administrative Assistant III
2113800,Joyan,Dabbes,482019,510-393-1876,jdabbes3g@nba.com,TX,Accounting Assistant III
3005000,Rosene,Lob,322472,410-875-2633,rlob3h@yandex.ru,PA,Cost Accountant
830400,Ronny,Curle,974936,513-103-6350,rcurle3i@hostgator.com,MN,Nurse Practicioner
2146600,Hope,Ivic,199366,212-486-6812,hivic3j@hubpages.com,IL,Librarian
711300,Stephen,Guislin,319112,213-474-9589,sguislin3k@senate.gov,LA,Automation Specialist II
446700,Laurence,Shakspeare,559579,323-273-5530,lshakspeare3l@smugmug.com,VA,Design Engineer
822100,Kristos,Fardy,886158,717-448-9971,kfardy3m@tmall.com,NV,Geological Engineer
2171500,Kearney,Tuvey,914094,704-228-9233,ktuvey3n@pagesperso-orange.fr,LA,Accounting Assistant III
2220300,Sarine,Garrick,320649,510-539-1925,sgarrick3o@dagondesign.com,IN,Structural Analysis Engineer
107900,Jodi,Bauchop,154070,301-597-5099,jbauchop3p@ftc.gov,WV,Recruiter
110100,Joelle,McGurgan,233259,806-375-0010,jmcgurgan3q@oracle.com,DC,Research Nurse
110900,Early,Wrate,555678,404-246-2979,ewrate3r@hatena.ne.jp,ID,Help Desk Technician
3065100,Wolf,Garnham,443110,518-924-8461,wgarnham3s@seattletimes.com,HI,Financial Analyst
108700,Melanie,Courtin,21400,405-587-5509,mcourtin3t@acquirethisname.com,CO,Operator
3005100,Vickie,Beavon,62352,-8310,vbeavon3u@wisc.edu,CA,Financial Analyst
3997300,Kessiah,Dillway,396112,310-457-2927,kdillway3v@princeton.edu,HI,Staff Accountant III
108800,Zechariah,Sargison,192992,507-974-2178,zsargison3w@auda.org.au,NC,Accountant III
3023400,Terencio,Union,324189,508-473-0237,tunion3x@friendfeed.com,DC,Media Manager II
2363500,Bradford,Lipgens,476063,813-198-7245,blipgens3y@cmu.edu,NY,Computer Systems Analyst I
110800,Ronnie,Forbes,143796,501-915-4693,rforbes3z@bandcamp.com,AK,Software Consultant
108600,Olvan,Kidgell,65184,231-237-9229,okidgell40@unicef.org,PA,Technical Writer
109100,Jessa,Duran,206860,805-563-4357,jduran41@chicagotribune.com,MI,Dental Hygienist
109000,Dian,Lyste,927466,714-529-9207,dlyste42@gizmodo.com,VA,Professor
108900,Isacco,Beart,811966,801-165-8004,ibeart43@imdb.com,FL,Civil Engineer
108500,Brooks,Sharplin,599986,415-408-4840,bsharplin44@wordpress.org,FL,Budget/Accounting Analyst II
2538500,Lucius,Tomas,765250,312-807-6978,ltomas45@google.com.au,CA,Programmer II
3105200,Malinde,McIllroy,693800,585-324-6092,mmcillroy46@yandex.ru,NC,Programmer Analyst IV
2052200,Chere,Leppard,904788,713-925-5777,cleppard47@sina.com.cn,IN,Programmer Analyst IV
109200,Anica,Narraway,994740,310-652-7865,anarraway48@dyndns.org,CA,Cost Accountant
109300,Neil,Dowthwaite,332887,214-481-4797,ndowthwaite49@nps.gov,AL,Chemical Engineer
2220900,Iona,Quincey,246930,239-823-5355,iquincey4a@guardian.co.uk,NY,Account Executive
109500,Ekaterina,Hankin,165567,843-841-6053,ehankin4b@so-net.ne.jp,MS,Account Executive
704400,Timotheus,Stoddart,422589,205-716-3242,tstoddart4c@odnoklassniki.ru,NE,Programmer Analyst II
1226000,Shermie,McGibbon,447512,213-653-2230,smcgibbon4d@usda.gov,TX,GIS Technical Architect
2272400,Felice,Hosten,304436,915-326-6962,fhosten4e@hostgator.com,CA,Quality Control Specialist
3124900,Phillip,Gopsill,242752,215-917-5133,pgopsill4f@google.fr,VA,Information Systems Manager
1210500,Lazarus,Nissle,842828,713-997-5059,lnissle4g@indiatimes.com,TX,Structural Engineer
2073500,Legra,Brosetti,94855,520-296-4963,lbrosetti4h@163.com,NV,Web Designer III
109700,Abbot,Rimour,834961,602-810-4423,arimour4i@webeden.co.uk,PA,Engineer II
109800,Vasily,Moyce,226694,212-242-4921,vmoyce4j@techcrunch.com,NV,Assistant Manager
109900,Slade,Wincer,307779,816-886-4140,swincer4k@photobucket.com,MN,Paralegal
3007100,Essie,Attawell,336699,763-851-0823,eattawell4l@wordpress.com,GA,Technical Writer
2330800,Sandye,Jedrzejewicz,348747,205-337-6520,sjedrzejewicz4m@google.co.uk,AZ,Registered Nurse
110000,Blair,Shurville,245377,260-254-4440,bshurville4n@kickstarter.com,NY,Sales Representative
2525800,Rhys,Baddiley,816491,214-718-1067,rbaddiley4o@blinklist.com,AK,Actuary
2341700,Valentine,Allport,24409,213-337-6935,vallport4p@privacy.gov.au,FL,Software Engineer II
2287400,Elspeth,Neylon,368145,602-500-8847,eneylon4q@sbwire.com,FL,Assistant Media Planner
1074100,Chantal,Ronald,216040,405-855-6613,cronald4r@t.co,LA,Recruiting Manager
2348200,Codie,Whittington,433405,704-474-4729,cwhittington4s@google.cn,FL,Mechanical Systems Engineer
1286000,Nettle,Chill,571151,202-172-3395,nchill4t@dedecms.com,AL,Operator
3254300,Diego,Borres,200106,941-264-3251,dborres4u@meetup.com,IA,GIS Technical Architect
2284200,Carla,Trowsdall,143542,251-447-5283,ctrowsdall4v@cocolog-nifty.com,VA,Assistant Professor
1226100,Olenka,Croutear,783406,713-760-5720,ocroutear4w@squidoo.com,DC,Programmer Analyst I
2073700,Fidole,Rickman,196951,214-188-3189,frickman4x@va.gov,MA,Senior Developer
110200,Kim,Stienham,370827,281-541-1305,kstienham4y@dion.ne.jp,CA,Nurse Practicioner
997600,Noelani,Dict,870524,561-994-4977,ndict4z@wsj.com,MN,Tax Accountant
2087000,Jamil,Milmith,111897,864-535-9359,jmilmith50@163.com,LA,Assistant Professor
109400,Angelico,Vell,921978,678-436-4684,avell51@google.co.uk,FL,Help Desk Technician
524500,Malachi,Orneblow,217031,304-162-3763,morneblow52@icq.com,MN,Social Worker
110300,Alis,Duffyn,556614,405-412-0442,aduffyn53@paginegialle.it,LA,Graphic Designer
110400,Isahella,Lardnar,467563,202-858-2749,ilardnar54@joomla.org,CA,Analog Circuit Design manager
570700,Rowland,Ellington,240806,405-124-3058,rellington55@google.it,IN,VP Product Management
2202400,Lorenza,Brabin,277691,612-852-4873,lbrabin56@t.co,WA,Clinical Specialist
2075300,Eustacia,Pimbley,561188,772-605-6232,epimbley57@phpbb.com,MI,Programmer II
573200,Alex,Ifill,135952,562-629-4728,aifill58@blog.com,FL,Recruiter
2111100,Rudie,Barnet,176133,404-505-8019,rbarnet59@example.com,IN,Community Outreach Specialist
792100,Kelci,Gasperi,119537,412-777-1107,kgasperi5a@prweb.com,VA,Information Systems Manager
2569600,Gray,Tingcomb,958210,941-130-6817,gtingcomb5b@com.com,OH,Programmer II
110500,Augusta,Baldassi,302915,540-648-1160,abaldassi5c@hud.gov,TX,Marketing Assistant
110600,Mohandis,Conws,641789,479-621-9486,mconws5d@storify.com,WA,Cost Accountant
2074600,Fletcher,Trimme,681330,847-149-9736,ftrimme5e@vimeo.com,FL,Web Designer IV
110700,Theodora,Ferriday,660432,713-971-3417,tferriday5f@illinois.edu,OK,Software Consultant
773800,Shurwood,Bullick,933842,419-977-8353,sbullick5g@mapquest.com,WV,Senior Developer
3214300,Vincenz,Sarch,136631,301-897-2718,vsarch5h@mac.com,TX,Physical Therapy Assistant
111000,Tamma,Drinan,241100,413-602-1957,tdrinan5i@wikipedia.org,FL,Account Executive
753100,Bess,Fullom,120761,225-645-2352,bfullom5j@uol.com.br,AL,Recruiting Manager
732971,Abbie,Weeds,854104,585-508-3076,aweeds5k@usatoday.com,MO,Human Resources Manager
3288300,Chrysler,Ganter,525901,772-662-3446,cganter5l@engadget.com,WI,Accountant II
2342400,Alf,Rapp,616204,919-540-5967,arapp5m@wikispaces.com,WI,Senior Sales Associate
2258600,Rey,Gland,473991,251-555-2558,rgland5n@cdc.gov,VA,Environmental Tech
672000,Brigida,Maingot,131648,917-844-8071,bmaingot5o@skype.com,IN,Accounting Assistant I
111100,Ross,Nelhams,228015,831-945-3439,rnelhams5p@ibm.com,KY,Accountant III
746501,Tulley,Beeres,14529,713-501-3448,tbeeres5q@uiuc.edu,MO,Geologist II
112000,Martie,Moon,892636,615-137-9152,mmoon5r@yale.edu,OH,Structural Analysis Engineer
2222000,Francklin,Rolstone,605006,412-779-7030,frolstone5s@mlb.com,MA,Biostatistician IV
1307400,Olympe,Ferguson,368771,209-471-8437,oferguson5t@latimes.com,CA,Accounting Assistant III
2241800,Aldous,Jaegar,740920,480-680-0940,ajaegar5u@narod.ru,TX,VP Product Management
2099200,Zed,Treat,676838,205-434-9460,ztreat5v@tinyurl.com,TX,Systems Administrator III
123200,Ram,Jamblin,234623,719-423-8666,rjamblin5w@about.com,MO,Web Designer IV
1112100,Jessika,Gidden,463309,361-282-8342,jgidden5x@cmu.edu,NC,Accountant IV
111300,Orrin,Harold,176945,916-845-6048,oharold5y@un.org,IL,Graphic Designer
111600,Ally,Di Bernardo,196504,407-712-2705,adibernardo5z@cdc.gov,VA,Programmer Analyst IV
902200,Onida,Willmott,785310,801-714-4221,owillmott60@1und1.de,CA,Junior Executive
2553500,Cathryn,Gatland,256239,763-990-3849,cgatland61@foxnews.com,NE,Financial Advisor
111700,Maire,Markwell,103172,717-682-9474,mmarkwell62@people.com.cn,MO,Technical Writer
111800,Loella,Bernholt,406821,571-817-5551,lbernholt63@psu.edu,KS,Financial Analyst
2180600,Valentine,Ashwood,521003,619-988-2273,vashwood64@ning.com,HI,Systems Administrator III
111900,Garey,Freeth,348428,303-570-5689,gfreeth65@phoca.cz,NY,Marketing Assistant
705000,Shanna,MacDermid,789865,407-229-6327,smacdermid66@t.co,MI,Account Coordinator
3266300,Ilario,Trembley,173870,754-519-2563,itrembley67@deviantart.com,TX,Registered Nurse
112200,Gary,Fetherby,493342,903-407-9279,gfetherby68@businesswire.com,TX,Senior Quality Engineer
112300,Ki,Skillman,561226,909-425-5448,kskillman69@ox.ac.uk,CA,Community Outreach Specialist
2543400,Ulrikaumeko,Lannin,859864,419-712-8326,ulannin6a@meetup.com,CA,Web Developer II
716400,Burt,Mibourne,907752,425-402-7042,bmibourne6b@printfriendly.com,IL,Legal Assistant
807300,Arlina,Bumpus,868040,213-627-4715,abumpus6c@lycos.com,IL,Director of Sales
2237200,Vite,Trytsman,995839,614-876-7465,vtrytsman6d@mit.edu,NE,Analyst Programmer
1215400,Flint,Yearnsley,347627,410-689-2596,fyearnsley6e@fotki.com,NC,Product Engineer
112400,Burke,Haddington,454625,484-227-1161,bhaddington6f@cnbc.com,GA,Product Engineer
112500,Gayler,Murray,330638,847-332-0059,gmurray6g@thetimes.co.uk,FL,Tax Accountant
112701,Amie,Sickert,307479,785-943-9271,asickert6h@squidoo.com,FL,Biostatistician IV
394700,Shamus,Geke,635705,562-174-3961,sgeke6i@multiply.com,WI,Registered Nurse
113100,Jamaal,McMeekin,102201,801-577-4936,jmcmeekin6j@nifty.com,CA,Desktop Support Technician
113300,Aggi,Kinahan,290909,202-842-3698,akinahan6k@shinystat.com,DC,Graphic Designer
114300,Rufe,Addionisio,998981,651-427-4087,raddionisio6l@ebay.co.uk,NV,Programmer II
1111700,Salim,Yellowley,909028,940-237-8096,syellowley6m@unesco.org,IN,Engineer II
799300,Joseito,Scholes,500124,718-242-2661,jscholes6n@ted.com,KY,Automation Specialist III
115700,Don,Charlin,632916,361-594-4583,dcharlin6o@nifty.com,CT,Accountant II
114200,Fayina,Stentiford,289979,209-465-6728,fstentiford6p@telegraph.co.uk,NY,Occupational Therapist
114400,Beilul,Pock,836062,561-478-1416,bpock6q@dot.gov,SC,Desktop Support Technician
114600,Tony,Skunes,354382,610-846-1945,tskunes6r@businessinsider.com,AL,Senior Developer
114100,Temp,Leeburne,664884,334-267-5845,tleeburne6s@barnesandnoble.com,PA,Desktop Support Technician
114700,Molly,Cuff,59919,907-498-1947,mcuff6t@uiuc.edu,CA,Senior Financial Analyst
113700,Hobard,Karchowski,307481,917-149-3243,hkarchowski6u@hexun.com,VA,Associate Professor
113800,Gloriane,Knapton,295644,916-506-6923,gknapton6v@amazon.co.uk,TX,Food Chemist
113900,Jammal,Southorn,635420,206-583-0708,jsouthorn6w@opensource.org,MD,Geologist I
114000,Bayard,Jeaycock,601901,210-308-1450,bjeaycock6x@addthis.com,IL,Project Manager
115300,Kathy,Gregoretti,68192,907-556-8122,kgregoretti6y@statcounter.com,CT,Systems Administrator II
115000,Giff,Croxford,383898,770-430-3816,gcroxford6z@cdbaby.com,CT,Assistant Manager
131200,Henryetta,Crinage,165956,917-538-1927,hcrinage70@gmpg.org,MI,Marketing Manager
131300,Austen,Brack,395582,504-262-8282,abrack71@etsy.com,WI,Compensation Analyst
131400,Amalle,Delacourt,698422,616-893-1555,adelacourt72@acquirethisname.com,CO,Teacher
131500,Jodie,Puddephatt,274882,813-350-0877,jpuddephatt73@google.es,PA,Graphic Designer
131600,Goldina,Berthome,553016,217-872-9451,gberthome74@constantcontact.com,FL,Financial Analyst
131700,Web,Hayth,978279,254-215-8638,whayth75@businessinsider.com,NC,Safety Technician III
131900,Nathanial,Willoughby,561661,269-638-5252,nwilloughby76@soundcloud.com,IA,Occupational Therapist
132000,Malissia,Cawthron,1746,626-522-3184,mcawthron77@newsvine.com,AZ,Programmer III
132100,Murielle,Pudney,876987,419-700-3926,mpudney78@unicef.org,SC,Marketing Assistant
2267600,Massimo,Janaud,80556,336-298-1859,mjanaud79@dropbox.com,IL,Senior Quality Engineer
2065700,Ferd,Bestwick,251888,727-922-0202,fbestwick7a@squarespace.com,VA,Analyst Programmer
884400,Petunia,Kelinge,816576,228-241-0024,pkelinge7b@thetimes.co.uk,PA,Chief Design Engineer
2110800,Urbanus,Offa,189346,803-817-2268,uoffa7c@cdbaby.com,TX,Account Representative IV
2220200,Ileane,Lodwick,598901,202-644-3583,ilodwick7d@ustream.tv,LA,General Manager
1186500,Christopher,Barensen,934418,626-140-7310,cbarensen7e@mtv.com,MD,Technical Writer
113200,Brooks,Laverick,673980,512-551-3567,blaverick7f@oaic.gov.au,WA,Occupational Therapist
113400,Cobbie,Fairn,215810,202-285-9160,cfairn7g@nyu.edu,KY,Web Developer I
1310300,Bartel,Skates,624559,480-252-1404,bskates7h@godaddy.com,CA,Programmer II
697300,Brien,Royan,852328,318-306-0360,broyan7i@gravatar.com,NY,Teacher
890300,Travis,McCoughan,405253,785-152-3537,tmccoughan7j@yellowbook.com,CO,Desktop Support Technician
2125000,Wylma,Pignon,238212,850-858-5166,wpignon7k@forbes.com,CA,Web Developer I
673100,Regen,Tal,101611,925-176-1665,rtal7l@miibeian.gov.cn,PA,Software Engineer II
2332809,Raye,Munson,329321,719-884-5004,rmunson7m@pinterest.com,AL,Web Designer II
2332800,Alfie,Pudge,88963,501-348-9404,apudge7n@abc.net.au,MO,Registered Nurse
2332810,Pam,Facchini,488311,518-562-1592,pfacchini7o@oakley.com,TX,Human Resources Manager
2332814,Dulcy,Seawell,393800,405-952-9979,dseawell7p@japanpost.jp,NV,Associate Professor
2332819,Brien,Lanahan,148932,775-574-8807,blanahan7q@vistaprint.com,TX,Sales Representative
2332808,Hugo,Dowrey,627795,318-961-8182,hdowrey7r@e-recht24.de,FL,VP Accounting
2332813,Renate,Blaydes,150942,616-920-4866,rblaydes7s@mediafire.com,CA,Senior Sales Associate
116100,Erastus,Sparsholt,517917,937-697-5595,esparsholt7t@skyrock.com,MN,Internal Auditor
1011100,Nicolais,Pickhaver,652997,816-174-8681,npickhaver7u@tumblr.com,PA,Design Engineer
116200,Idalia,Whitwood,186636,321-867-9246,iwhitwood7v@opera.com,MI,Health Coach II
116300,Amanda,Proby,433971,412-500-1103,aproby7w@google.com.br,CT,Compensation Analyst
116400,Donn,Eustice,83952,313-402-0269,deustice7x@comsenz.com,CT,Computer Systems Analyst III
1036500,Felecia,Belverstone,609398,972-322-3326,fbelverstone7y@baidu.com,DC,Staff Accountant I
2070500,Whittaker,Waywell,820555,303-687-6807,wwaywell7z@issuu.com,WV,Account Representative III
1203100,Cris,Latek,335897,402-648-9870,clatek80@ucsd.edu,AR,Statistician III
116500,Chrisy,Boyde,967874,816-899-3151,cboyde81@plala.or.jp,CA,Professor
116600,Henrie,Conman,52158,515-446-6648,hconman82@sakura.ne.jp,OH,Information Systems Manager
2178700,Milton,Witt,242370,720-158-5829,mwitt83@google.com,VA,Biostatistician IV
450200,Raviv,Tregent,733065,801-137-1215,rtregent84@squarespace.com,AL,Automation Specialist II
116900,Bibby,Girkins,316928,763-590-5132,bgirkins85@hibu.com,DC,Social Worker
117000,Emma,Buche,286304,513-353-8239,ebuche86@ustream.tv,OK,Cost Accountant
2497300,Bert,Smorthit,806901,312-207-0406,bsmorthit87@simplemachines.org,VA,Analog Circuit Design manager
2309500,Trace,Margarson,637372,915-819-4083,tmargarson88@qq.com,MS,Programmer II
2063500,Zoe,Garralts,703987,916-638-8673,zgarralts89@dailymail.co.uk,NC,GIS Technical Architect
117700,Barbaraanne,Dollen,670541,304-107-9787,bdollen8a@unblog.fr,NY,GIS Technical Architect
729600,Madelin,Klaff,572885,202-921-6060,mklaff8b@ucla.edu,NJ,Paralegal
3577300,Megen,Boldry,435466,704-250-2607,mboldry8c@wiley.com,OH,Civil Engineer
2482700,Ashbey,Keeping,70290,520-881-7095,akeeping8d@opera.com,TX,Recruiter
770700,Sheela,Vanshin,442888,717-944-0807,svanshin8e@is.gd,TX,Research Assistant I
2110200,Padget,Troppmann,778285,318-728-8743,ptroppmann8f@epa.gov,FL,Librarian
119701,Winnie,Hassard,515868,323-211-0675,whassard8g@about.com,VA,Marketing Manager
722900,Constantin,Brickhill,185280,754-785-2130,cbrickhill8h@msn.com,CA,Associate Professor
119000,Zara,Taylder,125078,314-153-5025,ztaylder8i@stanford.edu,CA,Human Resources Assistant IV
753600,Kimmi,Jerson,593584,315-869-2723,kjerson8j@reference.com,IA,Nuclear Power Engineer
927200,Norean,Timmes,650644,781-422-3782,ntimmes8k@devhub.com,CA,Research Associate
119200,Merilee,Delahunt,772237,214-655-3337,mdelahunt8l@hugedomains.com,WA,Assistant Media Planner
2111300,Olin,Arrell,132318,512-761-9269,oarrell8m@imageshack.us,ID,Executive Secretary
119300,Harp,Shottin,992853,605-914-1811,hshottin8n@multiply.com,WI,Recruiter
448000,Kendrick,Dainty,888183,812-500-6656,kdainty8o@123-reg.co.uk,DC,Senior Quality Engineer
3467300,Erv,Penniell,52691,901-907-9992,epenniell8p@theguardian.com,DC,Electrical Engineer
3964400,Marlow,Lorenzetti,890987,228-225-5767,mlorenzetti8q@europa.eu,TX,Technical Writer
3025600,Meaghan,Linder,205411,850-383-1934,mlinder8r@1und1.de,PA,Health Coach I
118200,Walton,Meade,793321,480-805-4684,wmeade8s@vistaprint.com,CA,Business Systems Development Analyst
2298000,Albrecht,Riach,181681,513-334-4986,ariach8t@virginia.edu,MS,Legal Assistant
1072706,Gael,Bilovus,346945,702-374-7174,gbilovus8u@weather.com,TX,Marketing Manager
119100,Kathryn,Traice,242537,404-172-0407,ktraice8v@scientificamerican.com,IA,Senior Editor
119600,Shayne,Ovens,204865,202-864-1737,sovens8w@simplemachines.org,FL,Technical Writer
129600,Aeriel,Callis,736773,330-845-9234,acallis8x@bloglines.com,LA,Programmer IV
2226000,Carlin,Pleace,927344,571-879-6359,cpleace8y@flickr.com,NY,Desktop Support Technician
2086400,Giselbert,Georgeau,375113,214-272-9134,ggeorgeau8z@amazon.com,FL,Geologist III
119700,Oberon,Alexsandrovich,486119,505-702-1036,oalexsandrovich90@yale.edu,FL,Assistant Media Planner
2091200,Abbott,Egerton,873235,210-662-7239,aegerton91@toplist.cz,NY,Cost Accountant
1265000,Arly,Flowers,406523,208-108-0691,aflowers92@columbia.edu,OK,Health Coach III
2221300,Katherina,McCafferty,414454,571-562-1003,kmccafferty93@163.com,NY,Assistant Media Planner
2609000,Scottie,Tommen,558757,912-709-4140,stommen94@etsy.com,PA,Assistant Professor
903200,Lars,Devany,448544,850-420-3591,ldevany95@tiny.cc,SC,Operator
1245200,Marcia,Tamlett,533683,315-945-7649,mtamlett96@cam.ac.uk,DC,Health Coach I
1111200,Teirtza,Tregust,53221,863-145-6708,ttregust97@ihg.com,AZ,VP Sales
1111202,Efren,Heinrici,731802,978-404-1858,eheinrici98@umn.edu,PA,Staff Accountant IV
1111203,Juli,Klimowicz,778477,312-301-7631,jklimowicz99@sitemeter.com,NM,Engineer I
859700,Ermengarde,Towey,601428,910-446-4383,etowey9a@slashdot.org,VT,Legal Assistant
725300,Gard,MacGillivray,359794,719-898-8934,gmacgillivray9b@ucsd.edu,GA,Geological Engineer
2096100,Terri,Meneely,99518,910-696-8932,tmeneely9c@macromedia.com,IN,VP Sales
3131300,Inigo,Durnall,225710,941-110-3686,idurnall9d@discovery.com,PA,Nurse Practicioner
1298500,Ignacio,Gullis,484066,518-416-6683,igullis9e@posterous.com,TX,Financial Advisor
119900,Phillip,Kem,576452,816-540-5979,pkem9f@imageshack.us,LA,Software Consultant
1179200,Alisander,Gillbey,867748,336-220-8206,agillbey9g@fotki.com,CA,Assistant Professor
2230900,Kristofer,Hanton,730952,757-741-9051,khanton9h@buzzfeed.com,VA,Budget/Accounting Analyst III
130700,Jelene,Alldread,578801,912-306-2713,jalldread9i@time.com,AL,Community Outreach Specialist
125300,Irv,Causley,424737,202-782-8503,icausley9j@ycombinator.com,MO,Senior Sales Associate
120000,Ignacius,Cowland,133481,336-794-8361,icowland9k@fastcompany.com,CA,Structural Engineer
120100,Jenny,Riedel,931225,571-700-2037,jriedel9l@angelfire.com,CA,VP Product Management
1202700,Mel,Fleming,538428,812-429-3393,mfleming9m@vimeo.com,FL,Structural Engineer
120200,Jodie,Jeandon,321483,763-952-6315,jjeandon9n@sina.com.cn,KY,Technical Writer
2231900,Lorine,Nadin,96856,419-666-6854,lnadin9o@usda.gov,NJ,Desktop Support Technician
120300,Elisha,Drayn,119467,816-648-4759,edrayn9p@blogtalkradio.com,TX,Nurse
2338500,Martita,Saylor,403805,716-132-4967,msaylor9q@msn.com,MO,Software Test Engineer IV
120500,Percival,Tschursch,278605,775-406-2087,ptschursch9r@ibm.com,MO,VP Accounting
120600,Noach,Walwood,344983,501-901-4533,nwalwood9s@columbia.edu,MA,Assistant Professor
120700,Orly,Feeham,572441,920-960-2405,ofeeham9t@columbia.edu,AL,Biostatistician I
120800,Berky,Ranscomb,261129,941-688-7211,branscomb9u@cnn.com,OH,VP Marketing
2211000,Christina,Woolfitt,927727,757-553-9038,cwoolfitt9v@deliciousdays.com,CO,Analyst Programmer
120900,Enriqueta,Chudleigh,132722,702-915-6258,echudleigh9w@woothemes.com,TX,Administrative Assistant IV
117100,Mufi,Bernardet,258697,414-559-9468,mbernardet9x@house.gov,VA,Biostatistician II
747700,Ronica,de Almeida,39969,312-379-3390,rdealmeida9y@t.co,PA,Computer Systems Analyst II
809300,Rollo,Khidr,314816,314-959-4740,rkhidr9z@jalbum.net,LA,Chemical Engineer
2593200,Mira,Piggrem,225588,716-151-3737,mpiggrema0@is.gd,TX,Sales Representative
723400,Ganny,Chapelhow,555875,916-112-3331,gchapelhowa1@sphinn.com,TX,Account Coordinator
2187500,Jonathan,Talloe,571377,208-379-7025,jtalloea2@tuttocitta.it,PA,VP Product Management
2285100,Melonie,Pickin,37222,760-885-9560,mpickina3@fc2.com,NM,Information Systems Manager
118300,Leroy,Kose,643814,336-290-3654,lkosea4@plala.or.jp,TX,Dental Hygienist
3126800,Averell,Filipiak,409992,412-693-3206,afilipiaka5@amazon.co.uk,LA,Sales Representative
114900,Eileen,Frears,60418,615-290-9807,efrearsa6@mac.com,IN,Budget/Accounting Analyst IV
121200,Josselyn,Madison,560350,702-146-4450,jmadisona7@youku.com,NY,Help Desk Operator
121400,Dawna,Tidbury,152692,937-510-6894,dtidburya8@mac.com,FL,Accountant IV
2128300,Shandeigh,Sherred,229139,864-537-7994,ssherreda9@oracle.com,FL,Software Consultant
2520300,Cloe,Cupitt,47818,508-449-4625,ccupittaa@wisc.edu,CA,Occupational Therapist
2255400,Ashla,Hasty,101710,214-804-0419,ahastyab@desdev.cn,TX,Senior Financial Analyst
2539500,Kaia,Manford,622730,801-639-0704,kmanfordac@mapquest.com,LA,VP Product Management
732981,Roselle,Wittering,182628,727-672-5430,rwitteringad@booking.com,NM,Human Resources Manager
732985,Sterne,Massen,486325,563-977-5239,smassenae@hexun.com,CA,Research Associate
732909,Stepha,Butson,615286,317-891-0133,sbutsonaf@addtoany.com,NY,Administrative Officer
1202600,Joleen,Castelain,631274,562-131-0625,jcastelainag@wiley.com,FL,Legal Assistant
4187900,Peggie,Fynan,920035,513-254-5205,pfynanah@blogtalkradio.com,MO,Nuclear Power Engineer
448400,Sile,Gallahar,146580,213-862-5122,sgallaharai@accuweather.com,CA,Community Outreach Specialist
274100,Noland,Job,322994,651-884-2098,njobaj@is.gd,OH,Paralegal
130800,Pavel,Moakes,823600,585-897-8808,pmoakesak@altervista.org,MN,Structural Engineer
2270600,Putnam,Pitchford,679890,316-535-6852,ppitchfordal@webnode.com,AL,Civil Engineer
2179947,Marlie,Sharkey,182350,313-633-7389,msharkeyam@amazon.co.uk,TX,Database Administrator III
121600,Lulu,Rosenstock,591478,808-915-4710,lrosenstockan@ocn.ne.jp,KS,General Manager
2330500,Bank,Keeling,139134,619-760-3310,bkeelingao@msn.com,PA,Director of Sales
1290700,Aubert,Windram,378140,305-450-7751,awindramap@51.la,OH,Assistant Media Planner
1301000,Ambrosius,Greiser,947771,215-445-8467,agreiseraq@addthis.com,OH,Social Worker
126600,Carissa,Hail,556494,757-117-3083,chailar@java.com,WA,Web Developer III
121700,Derward,Beyn,138463,601-761-8266,dbeynas@tinyurl.com,LA,Sales Associate
2228500,Vi,Collough,409080,917-171-5995,vcolloughat@typepad.com,NC,Paralegal
697500,Veronika,Spens,504932,630-665-9114,vspensau@marketwatch.com,NE,Professor
3332300,Breanne,McKearnen,854678,202-182-9050,bmckearnenav@imageshack.us,TX,Staff Accountant II
121500,Eugen,Frill,977506,509-999-5823,efrillaw@jalbum.net,LA,Senior Quality Engineer
121800,Rip,Crocker,932560,501-687-7945,rcrockerax@fc2.com,WV,Biostatistician I
121900,Leroy,Chang,866069,904-820-9082,lchangay@nps.gov,IN,Analog Circuit Design manager
122900,Jessika,Norcock,510250,801-333-1610,jnorcockaz@sbwire.com,TX,Internal Auditor
122400,Harley,Endicott,536560,325-387-2291,hendicottb0@globo.com,IL,Staff Accountant III
122600,Kessia,Patman,99698,410-631-8154,kpatmanb1@delicious.com,CA,Business Systems Development Analyst
704700,Deedee,Trime,128350,512-663-1461,dtrimeb2@bbc.co.uk,AR,Executive Secretary
122700,Zia,Coatts,408197,859-938-5763,zcoattsb3@discuz.net,TX,VP Product Management
122800,Winthrop,Jurgenson,265887,213-345-3984,wjurgensonb4@wordpress.com,FL,Dental Hygienist
122000,Donnie,Dulson,669971,951-873-7834,ddulsonb5@ucsd.edu,AL,Business Systems Development Analyst
122300,Jermaine,Rimell,975133,682-317-0179,jrimellb6@harvard.edu,VA,Account Coordinator
616500,Henry,Gorghetto,475639,309-360-8767,hgorghettob7@jigsy.com,TX,Assistant Media Planner
1255000,Olympia,Danher,321893,937-864-5287,odanherb8@si.edu,OH,Office Assistant I
1034000,Mike,Kingswood,988405,502-797-5679,mkingswoodb9@squidoo.com,TX,VP Quality Control
2179943,Deb,Lipyeat,615993,502-605-1106,dlipyeatba@51.la,CA,Environmental Specialist
1164900,Onfroi,Ambrogi,99919,502-230-6551,oambrogibb@blogtalkradio.com,PA,Senior Developer
1186600,Shaw,Harcus,548235,540-555-0738,sharcusbc@spiegel.de,OH,Computer Systems Analyst I
1231600,Stephanie,Sobey,683551,312-206-3741,ssobeybd@github.com,TN,Assistant Manager
1231700,Liliane,Paoloni,285147,732-671-5536,lpaolonibe@goo.gl,DC,Systems Administrator II
714200,Udale,Bickell,197806,614-135-9974,ubickellbf@de.vu,CT,Executive Secretary
1324000,Charmane,Lundy,854173,215-125-4093,clundybg@newsvine.com,WA,GIS Technical Architect
2546400,Otis,Alderton,704438,239-424-5614,oaldertonbh@taobao.com,IN,Research Associate
1291200,Sammy,Grog,39212,212-687-3522,sgrogbi@deviantart.com,VA,Analyst Programmer
2351900,Murielle,Franschini,903141,801-536-9764,mfranschinibj@last.fm,DC,Research Associate
2091700,Christean,Gearing,208325,407-763-7842,cgearingbk@de.vu,AL,Information Systems Manager
2549000,Guss,Darleston,265775,915-678-6631,gdarlestonbl@rediff.com,CO,Quality Engineer
117800,Brent,Mounce,891852,803-184-0364,bmouncebm@tamu.edu,NM,Quality Control Specialist
747600,Arda,Ivannikov,970178,714-938-0823,aivannikovbn@barnesandnoble.com,FL,Nurse
1047400,Lazare,Berthouloume,380787,785-644-7959,lberthouloumebo@netscape.com,AL,Paralegal
1167200,Pascal,Sember,337827,407-680-4947,psemberbp@myspace.com,KY,Senior Quality Engineer
123600,Brande,Margrett,224429,501-174-3875,bmargrettbq@reverbnation.com,PA,Account Representative I
123700,Cecelia,Pringuer,80206,850-987-9212,cpringuerbr@thetimes.co.uk,OH,Geological Engineer
126700,Josh,Lorant,197274,316-943-1258,jlorantbs@list-manage.com,NY,Staff Scientist
123800,Gaby,O'Gavin,932862,215-420-6199,gogavinbt@xrea.com,DC,Legal Assistant
123900,Jacenta,Oakley,406028,202-981-3909,joakleybu@amazon.co.uk,CA,Office Assistant IV
2338700,Axel,Cunnington,971059,304-236-0799,acunningtonbv@aol.com,MI,Nurse Practicioner
2119100,Gregoire,Lindenbluth,141526,816-197-7369,glindenbluthbw@dailymail.co.uk,CT,Compensation Analyst
720400,Anya,Able,656908,469-876-2026,aablebx@mediafire.com,NC,Director of Sales
2539100,Lester,Espada,10843,651-908-0854,lespadaby@posterous.com,CA,Legal Assistant
124000,Mellisent,Anglim,960847,240-289-2498,manglimbz@epa.gov,CA,Sales Representative
2185800,Meryl,O'Connor,563368,303-156-0717,moconnorc0@naver.com,ID,Community Outreach Specialist
369110,Rodina,Reinhard,467441,903-947-1770,rreinhardc1@ca.gov,OH,Nurse Practicioner
124200,Francklyn,Baumford,252473,405-464-3888,fbaumfordc2@discovery.com,ND,Software Consultant
711500,Eamon,McKiernan,40415,754-269-5690,emckiernanc3@bizjournals.com,MA,Senior Financial Analyst
124500,Fanya,Gaffer,873339,512-469-5061,fgafferc4@arizona.edu,LA,Marketing Assistant
124300,Robenia,Bush,263518,816-463-4970,rbushc5@tiny.cc,OK,Assistant Professor
124600,Gabriello,Pesticcio,20091,916-296-1278,gpesticcioc6@51.la,AZ,Systems Administrator III
3933300,Oswell,Hughman,131080,915-992-5126,ohughmanc7@nationalgeographic.com,NY,Assistant Professor
2161800,Beauregard,Sweeney,422031,805-837-2589,bsweeneyc8@sogou.com,MN,Help Desk Technician
124700,Jeno,Eldrett,33253,702-375-0036,jeldrettc9@nih.gov,TX,Design Engineer
1102400,Evangelin,Aggs,300673,316-861-1458,eaggsca@last.fm,NY,Account Coordinator
1110900,Patrizia,Bentsen,483177,312-253-1685,pbentsencb@japanpost.jp,KS,Automation Specialist I
760600,Cinda,Cheyney,851520,510-408-8331,ccheyneycc@tmall.com,WA,Actuary
1206100,Rem,Bigham,306289,803-273-6083,rbighamcd@bbc.co.uk,NV,Account Coordinator
1112300,Addi,Gosney,778874,205-996-7528,agosneyce@webnode.com,CT,Web Designer IV
809000,Heinrick,Hebborne,406982,513-685-2994,hhebbornecf@mlb.com,UT,Office Assistant I
449400,Innis,Donnelly,807053,305-385-4325,idonnellycg@yellowpages.com,IA,Chemical Engineer
2518400,Miltie,Sprade,102217,862-614-8015,mspradech@dmoz.org,OH,Health Coach II
2542300,Shayna,Lugton,798006,323-278-1408,slugtonci@seattletimes.com,WA,Web Developer II
1146000,See,Gritton,593710,480-921-0502,sgrittoncj@unblog.fr,SD,Junior Executive
3043900,Randi,Brackenridge,440531,919-827-6755,rbrackenridgeck@pagesperso-orange.fr,TX,Chemical Engineer
713000,Kendricks,Holdey,468900,919-605-4490,kholdeycl@google.nl,MN,Geologist III
718700,Bambi,Pentelow,100323,571-348-9523,bpentelowcm@icio.us,KY,Mechanical Systems Engineer
1287200,Saundra,Rosenboim,139592,212-949-1905,srosenboimcn@guardian.co.uk,LA,Environmental Specialist
1170700,Patrice,Elfes,451986,406-727-1203,pelfesco@opera.com,AZ,Media Manager III
2591600,Lindy,Dumbare,797098,602-192-8269,ldumbarecp@businessweek.com,TX,Human Resources Assistant I
117900,Davidde,Noakes,882762,713-157-0798,dnoakescq@kickstarter.com,IL,Payment Adjustment Coordinator
124900,Valdemar,Litton,147724,713-547-7767,vlittoncr@arizona.edu,CA,Professor
1298900,Aliza,Duxbarry,681689,713-400-3779,aduxbarrycs@fc2.com,KY,Structural Engineer
448100,Bordy,Bygrove,571955,505-990-5429,bbygrovect@w3.org,AZ,Junior Executive
125000,Elena,Arnauduc,820491,303-411-0127,earnauduccu@list-manage.com,DC,Data Coordiator
125100,Friederike,Hercock,984594,954-459-6118,fhercockcv@creativecommons.org,OH,Nurse
1284200,Ranique,Soutar,42129,954-568-5135,rsoutarcw@cbslocal.com,AZ,Software Test Engineer IV
125200,Ingeborg,Wiltshear,548583,203-915-9150,iwiltshearcx@nba.com,CA,Recruiting Manager
793000,Gertrud,Tesmond,892682,503-361-2058,gtesmondcy@elpais.com,NJ,Analog Circuit Design manager
2138300,Kari,Thams,874896,202-665-9018,kthamscz@indiatimes.com,NC,Web Developer IV
125400,Federica,Gianolo,225559,410-832-4813,fgianolod0@webmd.com,CA,Civil Engineer
125500,Odelia,Wishart,809113,919-400-2919,owishartd1@smugmug.com,DC,Occupational Therapist
125600,Megan,Brok,244851,805-539-6532,mbrokd2@vistaprint.com,CT,Environmental Tech
3163300,Pearce,Faithorn,92582,703-554-2280,pfaithornd3@upenn.edu,MO,Structural Analysis Engineer
125800,Haley,Heditch,615947,210-368-5855,hheditchd4@squidoo.com,TX,VP Marketing
132900,Windham,Shipway,987242,325-261-5473,wshipwayd5@time.com,GA,Developer I
125900,Kristi,Bridat,811195,615-623-1638,kbridatd6@seesaa.net,NM,Mechanical Systems Engineer
126000,Buddy,Montez,414753,417-313-4759,bmontezd7@behance.net,AL,Teacher
2059800,Dunstan,Spuffard,932579,404-442-1552,dspuffardd8@about.me,NY,Actuary
126100,Simonne,Kastel,373635,727-410-8942,skasteld9@pagesperso-orange.fr,GA,Social Worker
1014900,Logan,Filson,724641,763-713-8553,lfilsonda@google.co.uk,NC,Recruiter
117200,Norry,Georgiades,45777,503-129-2803,ngeorgiadesdb@state.tx.us,MS,Sales Representative
2304300,Meriel,Cars,798856,425-378-2924,mcarsdc@smh.com.au,TX,Financial Advisor
126200,Jean,Pourveer,820816,212-278-5133,jpourveerdd@tmall.com,DC,Sales Representative
117300,Merrily,Burris,162369,814-418-3473,mburrisde@bizjournals.com,IA,Physical Therapy Assistant
126800,Zeke,Snozzwell,408159,336-747-9957,zsnozzwelldf@people.com.cn,AL,Senior Sales Associate
1162600,Vivyanne,Gaisford,889504,916-550-4073,vgaisforddg@nyu.edu,CO,VP Product Management
1298400,Sly,Garvagh,552637,248-490-1622,sgarvaghdh@cornell.edu,TX,Speech Pathologist
128400,Eleonora,Robion,123011,919-407-7736,erobiondi@mapy.cz,AL,Analog Circuit Design manager
1044100,Natala,Lambshine,193,412-832-0695,nlambshinedj@nsw.gov.au,TX,Financial Analyst
4161700,Svend,Pykerman,358589,850-798-3376,spykermandk@google.com.hk,OH,Automation Specialist IV
132200,Hollis,De Gowe,754885,361-115-0406,hdegowedl@bandcamp.com,LA,Systems Administrator II
118500,Elissa,Mielnik,361102,615-759-4597,emielnikdm@youku.com,CO,Software Engineer II
720300,Chloette,Fantham,221955,518-771-4240,cfanthamdn@spiegel.de,MO,Quality Control Specialist
1309500,Karola,Pestor,187628,816-810-1220,kpestordo@dell.com,CA,Executive Secretary
126900,Claudina,Pallatina,906261,754-815-0348,cpallatinadp@zimbio.com,AL,Compensation Analyst
127000,Hadleigh,McDonald,353467,305-887-8347,hmcdonalddq@prnewswire.com,MD,VP Product Management
2179908,Lynnet,Scandrite,759032,907-135-6698,lscandritedr@webs.com,VA,Research Assistant III
1294200,Berti,Yakobowitch,912176,915-542-5933,byakobowitchds@opensource.org,MO,Community Outreach Specialist
3109500,Raimund,McDill,613187,214-846-5782,rmcdilldt@kickstarter.com,WI,Desktop Support Technician
123300,Hank,Bimson,652372,651-162-7275,hbimsondu@timesonline.co.uk,TX,Safety Technician IV
891800,Tasia,Mityukov,102432,808-327-8176,tmityukovdv@loc.gov,IA,Human Resources Manager
701200,Alicea,Whittall,32905,571-418-3780,awhittalldw@typepad.com,CA,Account Coordinator
127300,Jesse,Kemball,139178,714-708-3475,jkemballdx@redcross.org,TX,Technical Writer
3010611,Creigh,Conachy,906025,415-673-5633,cconachydy@mozilla.org,CT,Structural Engineer
127500,Jesselyn,Halfhyde,976916,336-272-4825,jhalfhydedz@ameblo.jp,MI,Office Assistant IV
1182000,Christophe,Darben,290776,706-602-6657,cdarbene0@accuweather.com,CA,Quality Engineer
115100,Reese,Banger,805476,936-986-6318,rbangere1@ftc.gov,CO,Nuclear Power Engineer
1039500,Ilse,Dewis,751266,831-412-8540,idewise2@dailymotion.com,TX,Senior Cost Accountant
394800,Nolan,Mayow,762787,562-902-9751,nmayowe3@illinois.edu,NM,Senior Sales Associate
127800,Heida,MacCafferty,220823,989-197-2083,hmaccaffertye4@samsung.com,VA,Graphic Designer
115400,Oliver,Kindred,491643,304-157-3476,okindrede5@blogs.com,MO,Teacher
127900,Shirley,Kenson,423423,727-633-9991,skensone6@people.com.cn,KS,Web Developer I
132500,Marie-ann,Brokenbrow,856846,269-793-3675,mbrokenbrowe7@drupal.org,TX,Food Chemist
2500000,Dwayne,Carlsson,8934,754-920-7833,dcarlssone8@gizmodo.com,CA,Sales Associate
128000,Tobe,Kirkup,219306,269-794-3052,tkirkupe9@furl.net,TX,Account Coordinator
2120700,Nalani,Dutton,126917,410-556-7254,nduttonea@trellian.com,VA,Programmer I
2120703,Rhona,Mourge,637167,772-295-2506,rmourgeeb@ucoz.ru,MD,Account Representative IV
128100,Toiboid,Dunford,95054,513-753-3454,tdunfordec@facebook.com,PA,Sales Associate
128200,Howie,Motto,383276,585-767-8032,hmottoed@google.de,IA,Senior Financial Analyst
115500,Carmine,Dollar,306338,615-439-2625,cdollaree@whitehouse.gov,AZ,Senior Sales Associate
118100,Kaleena,Greep,249649,716-836-3915,kgreepef@behance.net,SD,Database Administrator I
2577900,Lucila,Jaquin,117613,716-989-4905,ljaquineg@webnode.com,SC,Senior Financial Analyst
3072700,Avram,Juarez,778806,913-799-6890,ajuarezeh@cnet.com,IN,Programmer II
2578000,Toddy,Blight,972345,850-863-1198,tblightei@parallels.com,LA,Assistant Manager
128500,Atalanta,Marchenko,338602,713-647-8109,amarchenkoej@timesonline.co.uk,OR,General Manager
132600,Jermain,Giovannacc@i,195426,704-281-8962,jgiovannacciek@github.io,VA,VP Quality Control
128600,Camila,Ferryman,60133,562-101-3383,cferrymanel@deliciousdays.com,VA,Computer Systems Analyst I
128700,Ario,Laverack,892963,651-241-9654,alaverackem@google.it,MA,Associate Professor
2120600,Constancia,Capinetti,69260,909-581-1407,ccapinettien@yolasite.com,MO,Nuclear Power Engineer
117400,Trip,Bim,255439,206-324-9153,tbimeo@posterous.com,NY,Recruiter
719000,Fitz,Ferraresi,102268,214-246-5560,fferraresiep@hubpages.com,MN,Systems Administrator IV
118600,Helen-elizabeth,Antoniazzi,316530,202-509-7489,hantoniazzieq@unicef.org,CA,Nurse
2359300,Tiena,Kynge,351235,540-569-2306,tkyngeer@techcrunch.com,MI,Senior Financial Analyst
128900,Giacobo,Macy,206182,415-380-6632,gmacyes@w3.org,MA,Programmer Analyst III
129000,Gabriello,Barends,557917,540-190-1452,gbarendset@google.pl,CA,Recruiting Manager
2064300,Rosalyn,McGlaud,337258,336-134-5192,rmcglaudeu@opera.com,CA,Developer III
2188400,Nevins,Schechter,907905,512-538-2395,nschechterev@bandcamp.com,OK,Budget/Accounting Analyst IV
177212,Carlen,Briars,212777,360-984-6647,cbriarsew@opensource.org,MI,Research Nurse
129100,Jessie,Jopling,603364,412-799-6053,jjoplingex@surveymonkey.com,ID,Chemical Engineer
118700,Kev,Tonge,977095,317-417-8041,ktongeey@t.co,NY,Actuary
950900,Daphna,Scotfurth,85574,785-252-2420,dscotfurthez@squarespace.com,GA,Engineer II
771300,Juliana,Hallas,850705,713-240-6327,jhallasf0@ifeng.com,TX,Administrative Assistant III
127200,Yevette,Binnie,958401,412-445-6330,ybinnief1@youku.com,DC,Senior Sales Associate
130200,Fiorenze,Dymond,99903,302-912-5204,fdymondf2@alibaba.com,TX,Marketing Manager
129200,Casper,Carville,951348,909-739-5267,ccarvillef3@ow.ly,TX,Operator
115600,Marice,Carlyle,370946,863-948-8635,mcarlylef4@about.com,PA,Human Resources Assistant IV
2608900,Almire,Portingale,738896,720-190-4482,aportingalef5@prweb.com,WA,Web Designer IV
2597300,Fulvia,O'Bruen,982589,334-861-8486,fobruenf6@tiny.cc,MA,Food Chemist
2277400,Chas,Santarelli,747810,480-504-7172,csantarellif7@issuu.com,FL,Desktop Support Technician
129300,Kare,Bissill,236096,510-102-2245,kbissillf8@hud.gov,MD,Librarian
807100,Morry,Doget,834122,805-631-0254,mdogetf9@seesaa.net,NY,GIS Technical Architect
129400,Kienan,Thaw,19606,971-494-8764,kthawfa@accuweather.com,NJ,Media Manager IV
408000,Ulrika,Matissoff,410158,509-725-9943,umatissofffb@hc360.com,NY,Occupational Therapist
123000,Oberon,Mazzia,316911,423-839-9134,omazziafc@eepurl.com,MO,Community Outreach Specialist
2075800,Marylin,Pountain,947837,915-684-3071,mpountainfd@tuttocitta.it,KY,VP Accounting
132800,Madeleine,Kleint,668232,314-130-8818,mkleintfe@un.org,DE,Teacher
129500,Sal,Esplin,154878,615-881-2261,sesplinff@fema.gov,TX,Account Representative IV
130900,Yovonnda,Dundin,468496,561-937-4971,ydundinfg@flavors.me,KY,Analyst Programmer
128800,Dalis,Connow,29628,773-961-8656,dconnowfh@bizjournals.com,TX,Senior Editor
2358000,Jessalin,Knifton,148524,808-983-6285,jkniftonfi@gov.uk,FL,Chemical Engineer
2054900,Win,Tilliards,28431,202-953-1600,wtilliardsfj@jugem.jp,MA,Programmer II
3403300,Kimberly,Bullard,996951,804-806-0021,kbullardfk@cyberchimps.com,CA,Staff Scientist
2559300,Penny,Grayling,254250,515-471-2126,pgraylingfl@china.com.cn,MA,Design Engineer
853700,Odell,Simonini,191397,859-112-7862,osimoninifm@miibeian.gov.cn,FL,Chemical Engineer
1244600,Krysta,Valerius,59976,816-462-3312,kvaleriusfn@soup.io,NV,Project Manager
760700,Gerard,Dunbabin,778099,402-365-1278,gdunbabinfo@etsy.com,CA,Assistant Professor
133400,Sherri,Plan,910618,432-793-4979,splanfp@un.org,CA,Account Executive
2128200,Kelby,Inman,470621,718-275-0587,kinmanfq@de.vu,FL,Executive Secretary
133500,Dane,Clemensen,412639,352-660-0184,dclemensenfr@ifeng.com,TN,Nuclear Power Engineer
2242700,Emelen,Izsak,273816,917-867-3521,eizsakfs@sciencedaily.com,TX,Recruiting Manager
2504200,Gerhardine,Gabbitus,98622,607-778-9159,ggabbitusft@businessweek.com,IN,Biostatistician II
2061600,Raffarty,Devonshire,946329,907-996-5404,rdevonshirefu@umn.edu,FL,Systems Administrator III
117600,Elka,Lapslie,280196,860-348-1502,elapsliefv@wunderground.com,AZ,Design Engineer
859600,Jock,Doughton,498008,901-452-4194,jdoughtonfw@independent.co.uk,MI,Biostatistician III
133800,Iggy,Chesswas,412900,651-630-7423,ichesswasfx@51.la,NM,Actuary
974800,Leo,Simeon,836828,516-640-5884,lsimeonfy@utexas.edu,AK,GIS Technical Architect
2276800,Josselyn,Croll,405731,619-756-7513,jcrollfz@printfriendly.com,TX,Marketing Manager
134100,Mace,Doget,214270,225-337-3970,mdogetg0@springer.com,CT,Mechanical Systems Engineer
134200,Ailene,Bollum,908061,314-994-8579,abollumg1@mashable.com,VA,Research Assistant IV
134300,Mario,Florentine,456273,408-475-2069,mflorentineg2@shinystat.com,CA,Technical Writer
884600,Renate,McGarrity,1568,251-962-3989,rmcgarrityg3@dailymail.co.uk,OK,Health Coach II
2179937,Guillermo,Campaigne,799506,336-563-2772,gcampaigneg4@vinaora.com,OH,Nurse
1085400,Bari,Tetlow,298163,763-313-8695,btetlowg5@webmd.com,MI,Project Manager
2262400,Terencio,Mulgrew,119893,615-682-8334,tmulgrewg6@studiopress.com,AL,Senior Sales Associate
134400,Vergil,Sorensen,360739,202-954-3966,vsorenseng7@cmu.edu,PA,VP Quality Control
2165200,Clim,Giacomoni,376864,310-984-4356,cgiacomonig8@geocities.com,NY,Environmental Tech
134500,Inglis,Mosedill,647973,281-471-2722,imosedillg9@unblog.fr,WV,Accounting Assistant IV
758200,Jolee,Langtree,629476,215-604-4778,jlangtreega@aol.com,FL,Nurse
134600,Alice,Guidelli,859597,410-138-7586,aguidelligb@sciencedaily.com,AL,Geological Engineer
1267000,Hamlin,Bonsall,295138,205-949-1849,hbonsallgc@yelp.com,VA,Financial Analyst
450300,Virgilio,Sahlstrom,532434,817-156-9793,vsahlstromgd@skype.com,IL,Desktop Support Technician
3013100,Yancey,Grimmer,327817,850-919-9432,ygrimmerge@amazon.co.uk,TX,Associate Professor
450800,Emlyn,Eustes,897507,323-262-9345,eeustesgf@vimeo.com,NY,Actuary
450900,Florinda,Squibe,917677,617-236-8370,fsquibegg@nhs.uk,NV,Paralegal
729700,Norrie,Stump,950208,803-881-6430,nstumpgh@wisc.edu,OK,Web Designer IV
137000,Elianora,Press,840787,251-537-3164,epressgi@gov.uk,VA,Registered Nurse
940100,Ilsa,Gabbitus,799735,717-844-3729,igabbitusgj@tinyurl.com,ID,Executive Secretary
134700,Lucio,Hundall,433203,559-871-9075,lhundallgk@boston.com,SD,GIS Technical Architect
887100,Vern,Smetoun,117293,757-859-8571,vsmetoungl@fema.gov,TX,Analog Circuit Design manager
2078900,Rodney,Pointin,597580,203-853-2790,rpointingm@stanford.edu,KS,Recruiter
450600,Alysa,Harry,100332,813-561-3799,aharrygn@ucoz.ru,PA,Staff Accountant IV
135900,Britt,Coonan,478270,502-848-2873,bcoonango@vistaprint.com,NY,Developer II
134800,Finlay,Lochead,983928,951-518-7727,flocheadgp@is.gd,TN,Assistant Manager
1157200,Nevile,Rich,966464,202-288-1317,nrichgq@illinois.edu,NC,Quality Control Specialist
135000,Erastus,Spaven,446520,208-718-6983,espavengr@irs.gov,IL,Research Associate
1014800,Antin,Oxe,303186,253-478-5990,aoxegs@sphinn.com,AZ,Compensation Analyst
1070900,Case,Asche,998635,214-306-2682,caschegt@storify.com,WV,Analyst Programmer
2276900,Inigo,Creek,210223,347-298-2705,icreekgu@gmpg.org,KS,Recruiting Manager
2594300,Anderea,Pitman,941159,501-297-2045,apitmangv@1688.com,VA,Financial Advisor
2156200,Barde,Rolfo,477096,205-588-0880,brolfogw@behance.net,WA,Senior Developer
2188700,Hetti,Guirau,14943,404-686-7894,hguiraugx@cnbc.com,TN,Analyst Programmer
954200,Eward,Galilee,629334,918-778-0259,egalileegy@eventbrite.com,FL,Web Developer III
754700,Renado,Zanotti,983818,704-503-6048,rzanottigz@slashdot.org,AK,Nurse
135200,Sissy,Bilson,981622,208-161-0505,sbilsonh0@pinterest.com,FL,Speech Pathologist
754800,Hilliard,Lehrmann,511530,775-145-1062,hlehrmannh1@devhub.com,VA,Librarian
137100,Claudio,Sommerton,150343,865-824-7342,csommertonh2@sina.com.cn,IN,Product Engineer
559600,Luci,Stoter,772216,404-369-8232,lstoterh3@pen.io,TX,Human Resources Assistant I
135300,Julie,Arnett,909409,727-546-3292,jarnetth4@si.edu,AL,Help Desk Operator
793300,Farrand,Tolussi,245563,915-929-3524,ftolussih5@state.tx.us,CA,Business Systems Development Analyst
2267500,Robena,Faussett,639968,786-812-2531,rfaussetth6@vinaora.com,CA,Director of Sales
2518500,Lind,Siggens,338575,574-982-5265,lsiggensh7@cafepress.com,LA,VP Sales
135400,Abigael,Newbegin,442474,913-742-5066,anewbeginh8@free.fr,AR,Dental Hygienist
1285000,Silas,Messum,314944,404-778-0250,smessumh9@yelp.com,CA,Research Nurse
135500,Eda,Lemmon,24682,203-471-5005,elemmonha@netlog.com,WA,Librarian
135800,Mehetabel,Umbers,77526,917-395-3134,mumbershb@biblegateway.com,NC,Compensation Analyst
136000,Felice,Blowers,227072,972-358-8040,fblowershc@imgur.com,MN,Data Coordiator
998100,Chilton,O'Hoey,66540,360-620-3545,cohoeyhd@bloomberg.com,KS,Recruiter
2117500,Brynne,Laying,5988,303-595-1666,blayinghe@so-net.ne.jp,WA,Quality Control Specialist
405702,Brendin,Blanchflower,415336,407-751-8618,bblanchflowerhf@shinystat.com,MT,Research Assistant III
405703,Rachelle,Magee,864158,843-474-5887,rmageehg@skyrock.com,WA,Senior Editor
1300700,Bevan,Ciraldo,90721,716-987-8316,bciraldohh@squarespace.com,CO,Sales Associate
136100,Cyrill,Yakovl,809103,803-862-5819,cyakovlhi@umn.edu,DC,Human Resources Manager
134900,Jaymie,Onyon,655116,704-318-3613,jonyonhj@xing.com,IL,Statistician III
136200,Julian,Kynston,208993,602-198-9941,jkynstonhk@army.mil,NJ,Legal Assistant
450700,Marijn,Elwell,336032,251-975-2861,melwellhl@springer.com,CA,VP Sales
889600,Sherrie,Sterley,88269,850-703-9637,ssterleyhm@prlog.org,MA,Internal Auditor
863500,Aaron,Angeau,656506,225-799-6285,aangeauhn@boston.com,NY,Food Chemist
2116300,Raffarty,Butte,439827,701-103-3625,rbutteho@apple.com,CA,Statistician II
954300,Robert,Barnwille,262621,202-777-0624,rbarnwillehp@google.com.hk,FL,Business Systems Development Analyst
136300,Louise,Kybird,233939,678-150-0010,lkybirdhq@parallels.com,OR,Software Consultant
764900,Udell,Golden,816389,917-428-1629,ugoldenhr@spiegel.de,TX,Paralegal
3306300,Panchito,St. Louis,39346,860-985-1357,pstlouishs@umn.edu,FL,Health Coach I
136500,Emalia,Syson,54777,210-158-4449,esysonht@msu.edu,TX,Food Chemist
1287500,Denys,Daymond,55280,716-780-2026,ddaymondhu@histats.com,OK,Assistant Manager
2253700,Fulton,Abrehart,365431,571-396-8058,fabreharthv@vistaprint.com,CA,Project Manager
3066900,Rochell,Hegge,547861,516-910-2278,rheggehw@answers.com,DC,VP Marketing
136800,Gene,Richold,341154,901-554-4149,gricholdhx@slashdot.org,IL,Environmental Tech
2160600,Hyacinthia,Petrishchev,41938,512-465-3709,hpetrishchevhy@ted.com,TX,Civil Engineer
137200,Margarethe,Owens,772892,215-978-4995,mowenshz@sphinn.com,CA,Research Associate
137400,Joannes,Lyte,617887,347-356-3230,jlytei0@chron.com,OH,Statistician IV
887300,Lorant,Duckerin,156356,606-236-5513,lduckerini1@about.com,CA,Chemical Engineer
1115000,Bendick,Beckensall,676160,408-745-6792,bbeckensalli2@cargocollective.com,AR,Pharmacist
2074000,Novelia,Greenhead,259087,513-316-5252,ngreenheadi3@msu.edu,CT,Programmer Analyst IV
940700,Bathsheba,Sibborn,741647,917-132-0363,bsibborni4@mapquest.com,TX,Statistician II
618100,Tobit,Alastair,978688,360-825-8266,talastairi5@reddit.com,VA,Chemical Engineer
141600,Lesya,Duesberry,260746,413-784-8926,lduesberryi6@chron.com,FL,Paralegal
137800,Fidel,Norton,781718,970-644-6555,fnortoni7@mayoclinic.com,NC,Programmer III
3234300,Burt,Beningfield,919901,412-791-5109,bbeningfieldi8@tmall.com,OK,Chemical Engineer
2316600,Carolee,Demonge,309761,518-363-9730,cdemongei9@phpbb.com,VA,Programmer I
137900,Noby,Ahmad,229293,718-891-5453,nahmadia@tamu.edu,TX,Web Designer II
1041700,Bettine,Cogar,912166,605-745-4592,bcogarib@nature.com,PA,Software Engineer I
730500,Denyse,Bath,554969,606-113-1010,dbathic@walmart.com,IL,Nurse
141700,Janie,Rankine,42924,619-195-8597,jrankineid@dmoz.org,FL,Computer Systems Analyst I
2244900,Tuckie,Peakman,226661,563-674-9446,tpeakmanie@seesaa.net,NE,Quality Engineer
730306,Tami,Matteo,59655,806-459-3490,tmatteoif@squidoo.com,OH,Pharmacist
142500,Calypso,Greaterex,944802,305-664-3928,cgreaterexig@phoca.cz,NY,Budget/Accounting Analyst II
138500,Cinderella,Lerner,332825,312-793-2502,clernerih@amazonaws.com,TX,Developer I
2112700,Rubia,Townsend,43585,914-863-9358,rtownsendii@opera.com,GA,Information Systems Manager
763500,Newton,MacCartan,494864,614-413-4267,nmaccartanij@bloglines.com,FL,Chemical Engineer
280301,Quillan,Bibb,696511,303-970-3979,qbibbik@shutterfly.com,FL,Help Desk Operator
2106600,Marleen,Deeny,925086,713-726-5850,mdeenyil@biglobe.ne.jp,NY,Occupational Therapist
138700,Israel,Tremblay,451702,941-214-7145,itremblayim@zimbio.com,OH,Web Designer II
142200,Edith,Caston,328366,727-941-8168,ecastonin@chronoengine.com,TX,Human Resources Manager
138900,Ileane,McKeller,179476,352-922-7630,imckellerio@infoseek.co.jp,TX,Research Associate
451300,Nollie,Weal,671660,708-142-2555,nwealip@npr.org,FL,Budget/Accounting Analyst IV
1287700,Doroteya,Beasley,867155,305-541-1457,dbeasleyiq@umich.edu,WV,Media Manager III
1291300,Ludovico,Merrin,307212,301-723-0292,lmerrinir@china.com.cn,CO,Administrative Officer
3079400,Colette,McArdle,47800,214-368-8578,cmcardleis@hp.com,DE,Junior Executive
139200,Nelson,Malling,367896,404-652-6657,nmallingit@ebay.com,MN,Computer Systems Analyst II
698200,Jackquelin,Bliss,808094,727-774-4853,jblissiu@google.com.br,PA,Project Manager
803800,Wolfy,Scoggins,746977,415-432-4534,wscogginsiv@examiner.com,TX,Dental Hygienist
139300,Fanechka,Swatheridge,954154,302-340-0561,fswatheridgeiw@princeton.edu,HI,Senior Sales Associate
976500,Rusty,Bugs,336741,518-256-1893,rbugsix@quantcast.com,NE,Senior Financial Analyst
730300,Felipe,Fatharly,601332,916-313-7768,ffatharlyiy@tinyurl.com,VA,Financial Analyst
2202500,Dwain,Carletto,793457,804-598-7910,dcarlettoiz@vistaprint.com,OH,GIS Technical Architect
139700,Murdock,Pillinger,662982,757-488-5828,mpillingerj0@digg.com,CO,Administrative Officer
2112300,Christoper,Ashbridge,798632,202-106-0224,cashbridgej1@google.com.hk,NV,Dental Hygienist
139900,Hodge,Lockwood,164177,501-341-7192,hlockwoodj2@oakley.com,OH,Director of Sales
139800,Gabriello,Lackner,852626,361-769-7077,glacknerj3@sphinn.com,CA,Software Engineer II
745900,Franklin,Linthead,494761,682-629-7853,flintheadj4@feedburner.com,TN,Account Coordinator
887400,Winona,Rediers,806905,941-894-9906,wrediersj5@netvibes.com,KS,Mechanical Systems Engineer
1077900,Ludvig,Risom,686338,202-786-3249,lrisomj6@skype.com,VA,Accountant I
140100,Meier,Rivelon,171272,971-433-3716,mrivelonj7@independent.co.uk,CO,Editor
1053000,Cosmo,Joubert,330369,714-831-1986,cjoubertj8@last.fm,MI,Account Coordinator
140200,Edyth,Debling,221095,201-670-6469,edeblingj9@mtv.com,CA,VP Sales
140300,Keen,Meredith,528855,954-315-3664,kmeredithja@weather.com,GA,Structural Analysis Engineer
140900,Essa,Hovenden,151155,559-895-0938,ehovendenjb@ted.com,TX,Professor
803700,Hiram,Shopcott,102475,973-276-6044,hshopcottjc@cyberchimps.com,OK,Recruiter
619100,Keith,Dalmon,530108,760-480-7125,kdalmonjd@google.com,MN,Technical Writer
140600,Berta,Amorts,339865,843-399-0035,bamortsje@seattletimes.com,VA,Chief Design Engineer
1242500,Zacharias,De Cristoforo,994465,321-881-2617,zdecristoforojf@google.co.jp,GA,Compensation Analyst
2546000,Ciro,Caldeiro,384532,314-500-5765,ccaldeirojg@msu.edu,NM,Compensation Analyst
141400,Lothaire,Scales,680543,859-701-3251,lscalesjh@senate.gov,MN,Financial Analyst
976400,Cherida,Schooling,462896,915-746-9742,cschoolingji@t.co,CA,Staff Accountant IV
142400,Arin,Vigneron,477184,832-111-1368,avigneronjj@sciencedaily.com,MA,GIS Technical Architect
138000,Hallie,Hellcat,48946,626-210-6202,hhellcatjk@nps.gov,FL,Librarian
2296100,Elwood,Self,900983,907-450-5987,eselfjl@dailymail.co.uk,HI,Accountant II
142600,Conney,Kitchingman,48329,806-498-0339,ckitchingmanjm@biglobe.ne.jp,FL,Senior Developer
2125200,Fiann,Choat,94926,802-510-9539,fchoatjn@cam.ac.uk,NV,Quality Control Specialist
3025800,Ariel,Sayer,161463,404-237-7949,asayerjo@nbcnews.com,TX,Information Systems Manager
705300,Lutero,Archibould,281394,903-275-8791,larchibouldjp@cnn.com,CA,Quality Control Specialist
1172700,Reiko,Biggam,952806,561-213-1567,rbiggamjq@w3.org,VA,Human Resources Manager
2144900,Wallis,Sein,735949,563-495-9841,wseinjr@scribd.com,NV,Paralegal
142800,Pip,Mayers,840962,617-619-0438,pmayersjs@tinypic.com,OK,Tax Accountant
143100,Kent,Gavan,448240,951-692-9576,kgavanjt@marriott.com,KY,Statistician III
142900,Maighdiln,Manwaring,251302,415-622-0880,mmanwaringju@ocn.ne.jp,CA,Research Assistant IV
2190400,Woodie,St. Quintin,910462,202-122-7664,wstquintinjv@cargocollective.com,MA,Research Associate
143300,Shepard,Wadly,689634,719-454-9651,swadlyjw@yahoo.com,TN,Civil Engineer
794800,Edita,Renak,551967,859-923-8620,erenakjx@theglobeandmail.com,PA,Programmer II
143400,Kelcy,Gravenall,702326,918-161-7816,kgravenalljy@aol.com,AL,Analog Circuit Design manager
143700,Kaleena,Vazquez,410155,850-479-9047,kvazquezjz@twitpic.com,HI,Project Manager
1195000,Clemente,McCombe,564495,513-712-7896,cmccombek0@webnode.com,TN,Director of Sales
144100,Beatrice,Hawtin,918798,217-899-5568,bhawtink1@opera.com,IN,Dental Hygienist
1280300,Drona,McMinn,886572,404-241-7760,dmcminnk2@biglobe.ne.jp,TX,Chief Design Engineer
144300,Roda,Kilius,326250,212-923-9994,rkiliusk3@sciencedaily.com,OH,General Manager
144400,Randi,Pigdon,93181,305-951-5309,rpigdonk4@state.tx.us,DC,Account Representative III
144500,Brynn,Postance,212100,202-628-1000,bpostancek5@list-manage.com,DC,VP Marketing
144800,Aileen,Calley,729986,209-698-0638,acalleyk6@com.com,UT,Dental Hygienist
2588900,Annalee,Oldershaw,731906,517-876-3455,aoldershawk7@fda.gov,WA,Software Consultant
145900,Hadrian,Watkiss,173924,602-994-0919,hwatkissk8@reuters.com,FL,Biostatistician III
2132800,Darcy,Lias,220028,913-727-8530,dliask9@webs.com,AL,Clinical Specialist
146000,Vilma,Schulter,655552,405-775-6283,vschulterka@foxnews.com,SC,Marketing Manager
146400,Ruggiero,Tunnacliffe,868778,614-507-3784,rtunnacliffekb@cpanel.net,DC,Compensation Analyst
2346200,Catha,Dunston,142542,520-447-8522,cdunstonkc@networksolutions.com,VA,Editor
1019500,Gilda,Oldfield-Cherry,19929,909-127-9648,goldfieldcherrykd@pagesperso-orange.fr,MN,Executive Secretary
1226300,Addia,Asbrey,558254,770-410-1659,aasbreyke@slideshare.net,CT,Quality Engineer
2159600,Florry,Buist,735332,626-124-4960,fbuistkf@gov.uk,MN,Analyst Programmer
146600,Laurens,Possek,602485,386-673-2509,lpossekkg@ameblo.jp,AL,Financial Advisor
1112700,Huntley,Rabbe,777521,540-531-5284,hrabbekh@google.it,KY,Web Designer II
146700,Dunc,Tortoishell,50678,205-840-3559,dtortoishellki@exblog.jp,FL,Programmer III
150500,Mike,Georgelin,297209,202-683-4386,mgeorgelinkj@stanford.edu,OH,Pharmacist
2200100,Liza,Bryenton,296507,763-558-4411,lbryentonkk@answers.com,TX,Human Resources Assistant IV
3382300,Elliot,Battista,911077,256-147-8908,ebattistakl@scribd.com,ND,Account Coordinator
147000,Robinetta,Eicke,592614,509-406-3603,reickekm@cargocollective.com,GA,Executive Secretary
150000,Bradly,Labrow,266120,907-490-3265,blabrowkn@cnet.com,TN,Information Systems Manager
2245500,Reidar,Kolakowski,896730,651-384-1608,rkolakowskiko@oaic.gov.au,CT,Statistician II
1072401,Aleen,Vedeniktov,523668,205-463-0628,avedeniktovkp@abc.net.au,CA,Developer II
147100,Jamie,Risbrough,933330,207-222-9597,jrisbroughkq@stanford.edu,MI,Human Resources Manager
2156700,Kennith,Gate,815440,850-484-2363,kgatekr@google.com,NY,Tax Accountant
395400,Amble,Izzard,787055,216-883-4942,aizzardks@washington.edu,DC,Biostatistician I
2297000,Rockwell,Gasparro,520173,315-614-4886,rgasparrokt@homestead.com,FL,Nurse Practicioner
147200,Eldridge,Piatti,476094,803-891-3137,epiattiku@sciencedaily.com,CA,General Manager
147300,Emmet,Le Blanc,667986,202-506-3181,eleblanckv@ask.com,MA,Dental Hygienist
1323400,Richy,Cutcliffe,905675,253-377-5515,rcutcliffekw@chicagotribune.com,NJ,Nuclear Power Engineer
147500,See,Mars,61304,317-498-5548,smarskx@last.fm,OH,Nuclear Power Engineer
1303904,Verna,Bartels,817048,317-175-9605,vbartelsky@narod.ru,VA,Structural Engineer
148700,Marmaduke,Sinfield,457116,615-855-0227,msinfieldkz@ca.gov,MI,Paralegal
147700,Beckie,Oran,224691,404-262-6681,boranl0@addthis.com,CA,Civil Engineer
147800,Shermie,Stavers,681732,505-408-0686,sstaversl1@flavors.me,FL,Nurse Practicioner
147900,Thalia,Pinckney,478432,512-430-5201,tpinckneyl2@hexun.com,MS,Research Associate
148000,Holly,Wharram,391614,754-950-7769,hwharraml3@reuters.com,TX,Account Representative II
148100,Taddeusz,Hurler,784398,214-889-0526,thurlerl4@comcast.net,CA,Analyst Programmer
148400,Tova,Lyes,179338,203-851-8636,tlyesl5@opera.com,IN,Programmer IV
789300,Willabella,Shout,108943,801-299-7679,wshoutl6@github.io,CA,Operator
148200,Pennie,Petigrew,598539,646-318-0131,ppetigrewl7@bbc.co.uk,NM,Research Associate
2089600,Niels,Tuck,76152,617-841-5868,ntuckl8@comsenz.com,OR,Quality Engineer
2275100,Fanchon,Boadby,521075,865-327-3770,fboadbyl9@spiegel.de,NE,Chief Design Engineer
2172700,Saloma,Gellately,702788,704-554-0847,sgellatelyla@tamu.edu,CA,Senior Editor
3115500,Pauly,Donohoe,934615,502-161-2510,pdonohoelb@purevolume.com,MO,Database Administrator I
146900,Marnie,Gommes,317692,703-685-8831,mgommeslc@gmpg.org,TX,Accountant I
2329900,Teodora,Loadsman,672092,864-635-1387,tloadsmanld@ask.com,IL,Financial Advisor
963500,Agathe,Lode,694556,309-493-7750,alodele@ehow.com,CA,Health Coach II
148500,Ashely,Belf,740483,713-191-4644,abelflf@engadget.com,OH,Automation Specialist II
148600,Krishnah,Armiger,627547,502-211-8333,karmigerlg@wiley.com,NM,Safety Technician I
2305800,Julianne,Bachelar,430801,916-432-5130,jbachelarlh@cyberchimps.com,AZ,Computer Systems Analyst I
4129900,Corrine,Barens,313775,510-224-0370,cbarensli@noaa.gov,AK,Payment Adjustment Coordinator
148800,Fawnia,McCorkell,650690,305-742-9984,fmccorkelllj@eepurl.com,NC,Web Designer II
148900,Micheal,Kemitt,810809,713-648-5258,mkemittlk@cpanel.net,KY,Account Executive
2218700,Becca,McGowing,696721,312-405-6401,bmcgowingll@cnbc.com,AR,Staff Scientist
2598200,Christian,Creane,284662,309-989-1018,ccreanelm@hexun.com,FL,Analog Circuit Design manager
153500,Woodrow,Mc Curlye,910256,850-917-9749,wmccurlyeln@gnu.org,AL,Help Desk Operator
814600,Sherri,Billing,425970,210-826-8965,sbillinglo@surveymonkey.com,PA,Programmer I
2338400,Charley,Drewery,326284,309-231-9961,cdrewerylp@xrea.com,WA,Office Assistant IV
2362100,Evangeline,O'Reilly,981429,253-451-6212,eoreillylq@nifty.com,CA,Research Nurse
2307400,Steward,Trosdall,194208,706-694-2591,strosdalllr@dyndns.org,TX,Financial Analyst
3079800,Constancia,Simonaitis,726263,267-358-3708,csimonaitisls@bravesites.com,AZ,VP Product Management
149000,Jeff,Cerman,4165,571-845-5437,jcermanlt@patch.com,TX,Developer III
2325100,Mindy,Weinberg,524815,210-441-3135,mweinberglu@arstechnica.com,VA,Project Manager
787000,Sherill,Swanton,99171,561-250-7221,sswantonlv@who.int,FL,Accounting Assistant I
2188900,Hobard,Jezzard,960961,719-291-4525,hjezzardlw@biblegateway.com,PA,Electrical Engineer
4162500,Melodee,Mathison,594289,512-400-5942,mmathisonlx@jugem.jp,FL,Computer Systems Analyst III
2279600,Jamal,Jelleman,291211,305-459-8370,jjellemanly@indiatimes.com,OH,Software Engineer IV
149300,Harlan,Coggell,781392,210-374-5989,hcoggelllz@sitemeter.com,OK,Payment Adjustment Coordinator
3031400,Brit,Puttick,634961,281-522-5187,bputtickm0@umn.edu,AZ,Developer IV
2257900,Milli,Ballchin,192411,412-274-5415,mballchinm1@google.ru,NE,Associate Professor
887800,Elyn,Brito,483367,772-940-3928,ebritom2@symantec.com,FL,Marketing Manager
732910,Cleo,Sparkwell,858617,570-104-9946,csparkwellm3@nhs.uk,GA,Database Administrator III
149500,Alexi,Rein,24437,804-233-0661,areinm4@godaddy.com,NY,Computer Systems Analyst III
149700,Dan,Jean,967861,941-940-5682,djeanm5@zdnet.com,FL,Automation Specialist IV
2151900,Hildagarde,Swayne,774058,336-243-7461,hswaynem6@flavors.me,VA,Human Resources Assistant I
2597100,Seline,Hallam,378914,406-974-0877,shallamm7@wikipedia.org,TX,Accountant I
2287100,Dori,Axtonne,697679,210-983-2261,daxtonnem8@google.com.au,TX,Account Executive
150100,Idaline,Chillingsworth,743574,253-708-6544,ichillingsworthm9@google.it,WI,Cost Accountant
2228300,Christa,Wesley,567237,212-616-2995,cwesleyma@dot.gov,AL,Business Systems Development Analyst
150200,Saloma,Morrell,86929,772-341-4189,smorrellmb@admin.ch,PA,Senior Sales Associate
755800,Beatrisa,Grinval,265304,360-931-9758,bgrinvalmc@delicious.com,TX,Junior Executive
558500,Fan,Chimenti,166315,724-632-6402,fchimentimd@yolasite.com,CA,Programmer Analyst IV
558600,Filippo,McBeath,191800,517-779-0171,fmcbeathme@etsy.com,MO,Health Coach I
1016100,Christi,Scud,528518,305-666-3084,cscudmf@elpais.com,TX,Statistician III
3100900,Berny,Puckett,957825,801-317-0129,bpuckettmg@twitter.com,CA,Environmental Specialist
150400,Gregorio,Vials,96777,615-836-0236,gvialsmh@senate.gov,TX,Database Administrator I
561200,Bernadene,Frangleton,511038,814-193-7803,bfrangletonmi@spotify.com,ID,Product Engineer
2148300,Jacqui,Erwin,575437,941-658-4741,jerwinmj@time.com,TX,Database Administrator III
560800,Edna,Alders,243904,202-413-2629,ealdersmk@exblog.jp,IA,General Manager
177201,Claybourne,Leamy,525582,210-938-0446,cleamyml@shareasale.com,KS,Programmer Analyst III
2316200,Haywood,Cocker,313882,763-710-1007,hcockermm@wufoo.com,WA,Senior Developer
150600,Kippy,Burrass,944728,503-554-8575,kburrassmn@macromedia.com,TX,Compensation Analyst
153600,Gabe,Grinyakin,982784,714-757-5595,ggrinyakinmo@economist.com,OK,Programmer II
2501500,Jeni,Martine,496424,225-249-6393,jmartinemp@icio.us,PA,Recruiter
2283801,Colman,Extence,554978,562-673-2609,cextencemq@ftc.gov,IA,Graphic Designer
758600,Alexio,Satterlee,38647,319-852-2119,asatterleemr@pbs.org,TX,Internal Auditor
2121800,Killie,Stratten,636481,509-182-6401,kstrattenms@eventbrite.com,KY,Clinical Specialist
2121801,Kaleena,Heskey,952281,313-868-5322,kheskeymt@etsy.com,CT,Web Developer IV
3113400,Kip,Dallaway,329736,614-168-5875,kdallawaymu@shop-pro.jp,LA,Paralegal
2280800,Cam,Glassup,60698,617-663-0364,cglassupmv@indiegogo.com,OH,Health Coach III
2305700,Milo,Place,837390,202-492-8331,mplacemw@abc.net.au,OR,Recruiting Manager
2149900,Darcie,McGraffin,425594,615-638-9667,dmcgraffinmx@nationalgeographic.com,TX,Compensation Analyst
150800,Thomasin,Presidey,732038,626-304-6536,tpresideymy@ning.com,NY,Human Resources Manager
984100,Tracee,Raeburn,167554,336-615-9747,traeburnmz@ameblo.jp,TN,Director of Sales
407215,Jobi,Mordecai,878293,765-209-9225,jmordecain0@amazonaws.com,TX,Electrical Engineer
150900,Konstanze,Lackmann,45122,916-472-6551,klackmannn1@omniture.com,CA,Computer Systems Analyst I
151000,Aimee,Peron,479737,917-805-2279,aperonn2@prnewswire.com,OK,Sales Associate
4134900,Pieter,Torrisi,358355,508-993-9342,ptorrisin3@arstechnica.com,MO,Sales Associate
149900,Ashlee,Ocklin,765281,325-901-6347,aocklinn4@irs.gov,DC,Registered Nurse
2513200,Tracy,Greenin,477744,850-132-8524,tgreeninn5@sfgate.com,WI,Clinical Specialist
884900,Cirstoforo,McCracken,151328,918-421-9178,cmccrackenn6@accuweather.com,AZ,Help Desk Operator
151200,Horatius,Lamborn,212126,203-372-8954,hlambornn7@usa.gov,FL,Payment Adjustment Coordinator
1065200,Leanora,Siemantel,787887,216-296-7634,lsiemanteln8@multiply.com,OH,Internal Auditor
151300,Emmalee,Milmith,734734,407-106-1544,emilmithn9@geocities.jp,NY,Registered Nurse
560500,Zita,Limbourne,964105,225-839-6193,zlimbournena@yahoo.com,IL,General Manager
151400,Avril,Lobb,989038,713-699-3450,alobbnb@fc2.com,WI,Assistant Professor
2554200,Loren,Wanjek,966653,704-586-0542,lwanjeknc@dot.gov,CA,Safety Technician II
822300,Archer,Bliben,604538,413-768-7200,ablibennd@xrea.com,TX,Assistant Professor
2511700,Arri,Strase,957813,612-400-1091,astrasene@ifeng.com,SC,Staff Scientist
1257400,Samuel,O'Flaverty,534088,718-371-7190,soflavertynf@blog.com,NY,Accountant IV
910400,Maxim,Cisneros,421988,636-689-4013,mcisnerosng@washington.edu,AR,Registered Nurse
2524200,Fleur,Ainley,20119,916-655-8016,fainleynh@mail.ru,TX,Software Consultant
151500,Carri,Gorse,202755,712-717-5126,cgorseni@google.fr,TX,Occupational Therapist
1254400,Cindy,Yglesia,536741,770-276-9743,cyglesianj@examiner.com,NY,Civil Engineer
152600,Anny,Maguire,943123,954-680-4510,amaguirenk@dion.ne.jp,KY,General Manager
152800,Benton,McIlhatton,221426,334-245-3570,bmcilhattonnl@earthlink.net,NY,Food Chemist
2115300,Giustino,Dahill,389297,804-916-3613,gdahillnm@smh.com.au,IN,Information Systems Manager
151900,Rickie,Lamb-shine,803161,510-293-6891,rlambshinenn@wikispaces.com,MA,Senior Editor
560700,Quinton,Freak,985328,314-993-2500,qfreakno@1688.com,IL,Teacher
2179918,Xever,De Gregario,102294,617-965-0590,xdegregarionp@newsvine.com,AZ,Senior Editor
152000,Perceval,Mecco,27892,205-394-1387,pmecconq@reverbnation.com,CA,Programmer II
990200,Carlo,Meriguet,23326,609-968-5547,cmeriguetnr@cnbc.com,CA,Physical Therapy Assistant
807500,Emlen,McArdle,650,212-355-7610,emcardlens@twitter.com,DC,Quality Engineer
152300,Mel,McGown,928367,717-671-2529,mmcgownnt@mozilla.org,CA,Business Systems Development Analyst
152200,Neile,Valentine,875529,304-662-2479,nvalentinenu@free.fr,CT,Developer I
153700,Fabe,Midlane,645899,404-687-4031,fmidlanenv@fda.gov,NE,Graphic Designer
146800,Neal,Noon,627598,609-911-9040,nnoonnw@ftc.gov,DC,VP Marketing
841700,Leena,Putton,954207,407-586-0310,lputtonnx@vimeo.com,VA,Analog Circuit Design manager
153100,Lionello,Trevear,533991,512-154-8660,ltrevearny@netscape.com,TX,Pharmacist
152100,Luigi,Leband,372623,602-475-3346,llebandnz@ebay.co.uk,MS,Senior Sales Associate
3018500,Sonnnie,Preddle,358902,503-480-9999,spreddleo0@google.pl,WA,Quality Engineer
752500,Launce,Tappin,736719,515-697-8734,ltappino1@cnet.com,FL,Research Nurse
153300,Whittaker,Likely,286550,864-589-0457,wlikelyo2@linkedin.com,MI,Data Coordiator
2508900,Arabel,Entissle,489404,251-251-9726,aentissleo3@liveinternet.ru,CA,Web Designer I
153400,Price,Roache,965480,713-652-7746,proacheo4@reddit.com,GA,Help Desk Operator
2599800,Nevsa,Candelin,413486,412-416-9223,ncandelino5@seattletimes.com,CA,Graphic Designer
153800,Garret,Heavy,55778,414-573-2406,gheavyo6@nature.com,DC,Product Engineer
3100800,Abraham,Webber,880848,561-914-4150,awebbero7@cornell.edu,CA,Senior Sales Associate
1082600,Joan,Salvage,610929,302-545-5817,jsalvageo8@phoca.cz,DC,Cost Accountant
3101900,Kala,Besant,454471,516-982-5922,kbesanto9@huffingtonpost.com,VA,Web Designer II
3028200,Terrance,Vaune,135044,203-882-4477,tvauneoa@bloglines.com,OK,Research Nurse
2148200,Ginger,Viccary,101900,512-838-0172,gviccaryob@whitehouse.gov,NY,Human Resources Assistant III
675000,Der,Kochel,524972,740-982-3672,dkocheloc@ftc.gov,GA,Associate Professor
884800,Eddy,Warman,729382,720-734-1607,ewarmanod@blog.com,NV,Analog Circuit Design manager
752600,Odele,Kinnach,993548,917-965-5707,okinnachoe@wix.com,TX,Analog Circuit Design manager
154000,Nicky,Blight,417725,702-795-3448,nblightof@addtoany.com,MN,Recruiting Manager
869410,Warner,Alleway,54520,702-669-8783,wallewayog@uol.com.br,CO,Analog Circuit Design manager
395500,Marchelle,Dmych,223256,801-639-0426,mdmychoh@domainmarket.com,NY,General Manager
2321200,Chrystel,Conquer,593191,254-601-2224,cconqueroi@usa.gov,CA,Junior Executive
3003600,Sid,Whiteland,507480,240-280-4760,swhitelandoj@bandcamp.com,FL,VP Sales
2504600,Mycah,Buist,799199,719-356-8300,mbuistok@google.it,SC,Automation Specialist IV
2300900,Eimile,Chipp,383172,202-830-7075,echippol@jiathis.com,WI,Software Test Engineer II
154100,Jarad,Barnfather,90443,410-479-1952,jbarnfatherom@comcast.net,CA,Environmental Tech
2502700,Melissa,Wint,527656,770-106-2327,mwinton@etsy.com,PA,Automation Specialist III
154200,Kenton,Satteford,896700,804-714-4451,ksattefordoo@miibeian.gov.cn,FL,Actuary
2284300,Rafaelia,Eaves,448089,602-723-7843,reavesop@aboutads.info,NE,Business Systems Development Analyst
2284308,Marlena,Summerill,787264,806-245-6464,msummerilloq@squidoo.com,CA,Accountant III
560100,Dominique,Falk,331123,202-997-9054,dfalkor@wunderground.com,LA,Programmer Analyst III
154300,Anitra,Bartelot,249926,201-280-9974,abartelotos@ftc.gov,CA,Information Systems Manager
154400,Martelle,L' Anglois,351433,312-645-1566,mlangloisot@paypal.com,MI,Civil Engineer
154500,Farrel,Snelling,955813,757-528-8796,fsnellingou@bloglovin.com,GA,Cost Accountant
154600,Valry,Tallowin,50895,619-189-4113,vtallowinov@addtoany.com,OH,Programmer Analyst II
927000,Marty,Champken,178750,989-769-5512,mchampkenow@storify.com,AZ,Health Coach III
3005400,Sarita,Trustrie,846722,816-367-8033,strustrieox@studiopress.com,SC,Web Designer III
854300,Isac,Lyfe,671473,661-742-3019,ilyfeoy@live.com,TX,Accountant IV
154700,Eleanora,Jojic,52978,330-935-8676,ejojicoz@zdnet.com,IA,Social Worker
1216500,Jenelle,Emms,466138,313-791-7106,jemmsp0@usa.gov,OK,Senior Developer
3173300,Willy,Thresh,240445,804-767-4946,wthreshp1@artisteer.com,CA,Health Coach II
2580200,Naoma,Enderson,958961,805-559-6745,nendersonp2@joomla.org,NY,Geologist II
155900,Carlie,Lassells,921852,804-789-7593,classellsp3@jiathis.com,NJ,GIS Technical Architect
559900,Regina,Maddick,599277,916-534-0032,rmaddickp4@imageshack.us,TN,Systems Administrator III
155200,Jeanne,Hunstone,926317,808-421-7530,jhunstonep5@prnewswire.com,FL,Environmental Tech
1107400,Irita,De Ferrari,531770,937-417-8104,ideferrarip6@lulu.com,KY,Cost Accountant
1157400,Kiley,Kief,80682,310-190-8524,kkiefp7@gizmodo.com,WV,Cost Accountant
2577700,Eydie,Chowne,284042,716-765-7569,echownep8@webs.com,NY,Accountant IV
155400,Shelton,Merricks,842189,415-362-4983,smerricksp9@cbc.ca,NY,Research Assistant IV
3076300,Shell,Hefner,633120,616-336-2551,shefnerpa@dell.com,OK,Automation Specialist IV
155600,Tyrus,Fretter,610438,816-799-1517,tfretterpb@buzzfeed.com,NV,Associate Professor
155700,Micheal,Bridger,806492,210-681-0638,mbridgerpc@icq.com,TX,Tax Accountant
2060900,Oneida,Insoll,792653,903-935-9965,oinsollpd@skype.com,FL,Compensation Analyst
155800,Marjie,Lamort,499240,315-367-2219,mlamortpe@howstuffworks.com,TX,Nurse Practicioner
1048700,Scott,Raselles,174484,202-251-0320,srasellespf@goo.gl,IA,Social Worker
3635300,Mil,Wibrew,701670,916-146-3097,mwibrewpg@state.gov,GA,Teacher
897600,Foss,Haddrill,682426,407-931-4439,fhaddrillph@webeden.co.uk,CO,Senior Cost Accountant
156000,Leoine,Mengue,633648,816-749-0553,lmenguepi@studiopress.com,CA,Computer Systems Analyst IV
562400,Kev,Reddish,674828,518-743-6466,kreddishpj@devhub.com,NY,Nuclear Power Engineer
156100,Mikkel,Tembey,655281,334-985-9288,mtembeypk@wunderground.com,KY,Staff Scientist
402400,Rafaela,Underwood,892864,702-573-4290,runderwoodpl@sitemeter.com,MO,Senior Financial Analyst
348400,Debora,Barker,217044,414-815-7855,dbarkerpm@salon.com,OH,Office Assistant I
395600,Francyne,Wathan,92109,858-832-3399,fwathanpn@mayoclinic.com,IL,Accounting Assistant IV
1205100,Jenda,Whitelock,93965,720-705-6861,jwhitelockpo@hhs.gov,OH,Senior Developer
1072714,Kai,Meeson,354096,216-171-8339,kmeesonpp@ustream.tv,TX,Electrical Engineer
1303900,Aurel,Yurmanovev,979600,402-615-9727,ayurmanovevpq@tiny.cc,NY,Professor
1099700,Fanya,Maggill'Andreis,289117,918-496-9063,fmaggillandreispr@alexa.com,CA,Chemical Engineer
156300,Skyler,Keijser,28028,402-374-6190,skeijserps@google.pl,OH,Senior Financial Analyst
156400,Shelagh,Topliss,923783,813-608-1438,stoplisspt@parallels.com,CA,Librarian
950700,Elora,Del Castello,283924,614-749-5782,edelcastellopu@arizona.edu,GA,Systems Administrator I
156600,Jolyn,Shatliff,828922,312-925-5186,jshatliffpv@disqus.com,DC,Analyst Programmer
411700,Thebault,Smales,175836,510-745-1731,tsmalespw@ifeng.com,IL,Dental Hygienist
156900,Rosalynd,Clines,591240,303-366-9869,rclinespx@addtoany.com,KS,VP Marketing
157300,Amos,Nutter,322119,425-331-2888,anutterpy@tripadvisor.com,TX,Senior Cost Accountant
156700,Merv,Collie,112767,304-237-9702,mcolliepz@phpbb.com,WA,Budget/Accounting Analyst II
160200,Joshia,Rubury,194473,860-311-1870,jruburyq0@stanford.edu,FL,Senior Sales Associate
157100,Matthew,Vaillant,540955,501-623-2335,mvaillantq1@meetup.com,OH,Help Desk Technician
157200,Sharline,Mathy,148091,812-690-0524,smathyq2@bing.com,MT,Social Worker
157400,Toma,Boothroyd,351929,585-766-4662,tboothroydq3@wsj.com,WA,Editor
159800,Tobie,Eubank,795491,267-430-3353,teubankq4@xinhuanet.com,TN,Budget/Accounting Analyst IV
157500,Hugues,Leverentz,337724,336-273-4166,hleverentzq5@businessinsider.com,OR,Marketing Assistant
562100,Nerta,Frostdick,637433,920-915-7201,nfrostdickq6@wordpress.com,OK,Payment Adjustment Coordinator
1077100,Lea,Shaddock,292070,716-863-6944,lshaddockq7@google.com.br,WA,Safety Technician IV
2583000,Warden,Roberti,117023,608-241-8214,wrobertiq8@guardian.co.uk,RI,Research Associate
2288400,Arturo,Purkins,944985,402-649-2124,apurkinsq9@indiegogo.com,NJ,General Manager
2508600,Martino,Bakhrushkin,884475,312-513-5549,mbakhrushkinqa@cnet.com,CA,Biostatistician I
156800,Perrine,Tash,488675,361-843-4713,ptashqb@myspace.com,KY,Assistant Professor
157700,Curtis,Tomasik,901155,907-248-6205,ctomasikqc@nature.com,FL,Desktop Support Technician
157800,Sigvard,Korfmann,840638,650-576-9416,skorfmannqd@g.co,AL,Speech Pathologist
525400,Moll,Le - Count,201537,586-639-9343,mlecountqe@vistaprint.com,IN,Dental Hygienist
2074800,Tommy,Dunan,915432,520-215-5486,tdunanqf@purevolume.com,MD,Software Test Engineer II
576300,Winni,Deetlof,229684,915-203-1609,wdeetlofqg@webmd.com,TX,Engineer I
772800,Moyra,Badini,436363,314-821-1291,mbadiniqh@nbcnews.com,CA,Structural Engineer
562000,Kellia,Tallon,597594,217-859-9418,ktallonqi@webeden.co.uk,CA,Executive Secretary
962106,Salomone,Melonby,233236,202-752-3771,smelonbyqj@symantec.com,VA,Librarian
157900,Brett,Castello,232593,859-530-2351,bcastelloqk@imdb.com,AL,Structural Analysis Engineer
158000,Hy,Armes,606914,502-597-7002,harmesql@xing.com,NY,Community Outreach Specialist
158100,Pierson,Kohnemann,169960,813-310-4745,pkohnemannqm@sohu.com,UT,Human Resources Assistant II
158200,Melodie,Deeks,843892,512-355-2866,mdeeksqn@timesonline.co.uk,NY,Chief Design Engineer
2482100,Hillary,Stonebanks,336964,240-430-7746,hstonebanksqo@sfgate.com,AZ,Product Engineer
525500,Gun,Shapero,558827,571-736-7343,gshaperoqp@gmpg.org,VA,Sales Representative
158500,Harp,Blakebrough,199588,616-598-2261,hblakebroughqq@hugedomains.com,NC,Senior Developer
561900,Daryle,Theunissen,793086,843-915-3830,dtheunissenqr@constantcontact.com,CO,Software Consultant
158600,Cobbie,Scrivin,399832,434-139-0038,cscrivinqs@shutterfly.com,GA,Paralegal
158700,Damon,Allward,198990,520-649-3553,dallwardqt@usa.gov,AZ,Environmental Tech
158800,Thomasin,Tweedie,298039,941-941-7358,ttweediequ@businessweek.com,CA,Product Engineer
2217200,Padraic,Dallender,798837,804-558-9060,pdallenderqv@amazon.co.jp,FL,Financial Advisor
158900,Madelaine,MacArd,665196,813-563-3085,mmacardqw@netscape.com,ND,Research Associate
561800,Artus,Potkins,232733,952-454-2665,apotkinsqx@princeton.edu,MI,Executive Secretary
2141500,Kennett,Quinney,271865,302-823-3481,kquinneyqy@toplist.cz,IL,GIS Technical Architect
159000,Kimberly,Tosney,218882,937-943-7808,ktosneyqz@instagram.com,NV,Help Desk Technician
159100,Shaine,Rushe,684007,502-937-6380,srusher0@tumblr.com,NY,Product Engineer
159200,Mohandas,Carding,267390,786-392-1602,mcardingr1@wordpress.com,CA,Internal Auditor
561700,Andre,Powling,868947,330-890-7527,apowlingr2@wp.com,FL,Civil Engineer
2285500,Jojo,Lindsey,94914,508-800-6979,jlindseyr3@360.cn,GA,Chemical Engineer
159400,Emelyne,Jeppensen,123611,612-533-4326,ejeppensenr4@desdev.cn,MN,Accountant II
157000,Bendick,Duddy,378421,251-159-0335,bduddyr5@goo.ne.jp,OK,Sales Associate
561500,Gian,Pays,390753,202-974-6543,gpaysr6@rediff.com,OH,Cost Accountant
155500,Gilemette,Ruegg,29208,432-690-6963,grueggr7@washington.edu,DC,General Manager
159600,Tim,Sivyer,552427,971-678-3705,tsivyerr8@washingtonpost.com,CT,Account Coordinator
159700,Zenia,Axel,327251,310-542-8870,zaxelr9@va.gov,MI,Systems Administrator II
525600,Elka,Barbrook,565618,806-953-7879,ebarbrookra@taobao.com,FL,Sales Representative
159900,Val,Robathon,156371,610-136-1917,vrobathonrb@google.ru,TX,VP Sales
2055000,Bridie,Heazel,416617,805-707-5579,bheazelrc@dmoz.org,CA,Administrative Assistant IV
160000,Marissa,Lenham,703721,304-984-6274,mlenhamrd@latimes.com,IL,Senior Financial Analyst
160100,Den,Angric,890371,915-944-1047,dangricre@abc.net.au,MD,Community Outreach Specialist
160400,Brenna,Wasbey,429740,850-586-2863,bwasbeyrf@cdbaby.com,GA,Research Associate
723401,Drucill,Klezmski,895970,954-522-0099,dklezmskirg@wikispaces.com,TX,VP Accounting
160500,Nichole,Kew,18024,617-668-9185,nkewrh@scientificamerican.com,MA,Associate Professor
161100,Miguelita,Alforde,748200,574-603-6620,malforderi@aol.com,SC,Associate Professor
161000,Bernie,Rymill,454114,918-967-6920,brymillrj@umn.edu,OH,Electrical Engineer
2139500,Corny,Elis,67360,626-221-3499,celisrk@myspace.com,LA,VP Product Management
727900,Samuele,Lydiatt,209405,661-772-7624,slydiattrl@networksolutions.com,AZ,VP Quality Control
161200,Paulina,Verrico,425560,773-699-0897,pverricorm@google.ca,DC,Accountant III
161300,Deena,McBoyle,980055,502-716-3393,dmcboylern@networksolutions.com,FL,Research Nurse
161400,Deva,While,337059,801-331-6980,dwhilero@deviantart.com,CA,Web Designer III
454900,Parrnell,Lepper,786815,972-846-6678,plepperrp@buzzfeed.com,AZ,Quality Control Specialist
161500,Elsinore,Fakeley,660686,256-704-1921,efakeleyrq@cargocollective.com,FL,Structural Analysis Engineer
2100300,Lynea,Needs,183171,414-501-5442,lneedsrr@discuz.net,MT,Human Resources Manager
