ID,studentnumber,first_name,last_name,city,phone,email
65634,1230800,Xavier,Cadell,Denver,303-585-9808,xcadell0@hostgator.com
76935,100200,Alexandr,Dorrance,Huntsville,936-369-0327,adorrance1@163.com
58251,105200,Camilla,Frood,Jamaica,516-426-1613,cfrood2@csmonitor.com
46788,574900,Faye,Wolstenholme,Petaluma,707-784-2679,fwolstenholme3@vimeo.com
35489,2503400,Cari,McGrorty,Lubbock,806-534-4145,cmcgrorty4@webs.com
90052,105500,Austine,Normand,Staten Island,718-371-3926,anormand5@list-manage.com
87550,100500,Curcio,Davydoch,Aurora,303-599-9828,cdavydoch6@lycos.com
86827,105100,Deana,Walsh,Minneapolis,952-213-7251,dwalsh7@lulu.com
87217,100700,Alphonse,Reary,Grand Forks,701-514-7639,areary8@yolasite.com
37940,100800,Udall,Le Monnier,Appleton,920-879-1491,ulemonnier9@google.com.au
40889,831000,Gawen,Cathel,Ann Arbor,734-422-6248,gcathela@netscape.com
53173,100900,Dougie,Estick,Jacksonville,904-294-2220,destickb@rediff.com
57165,570400,Natasha,Gillbard,Chicago,312-465-3690,ngillbardc@archive.org
86464,101200,Carroll,Newiss,Chattanooga,423-798-1467,cnewissd@hibu.com
90439,573301,Chiquita,Lorraine,Atlanta,770-129-1945,clorrainee@rediff.com
59750,2319500,Nicolais,Jiroudek,Corona,951-344-5645,njiroudekf@indiegogo.com
74196,1218200,Austina,Whitbread,Cincinnati,513-556-3715,awhitbreadg@bloomberg.com
37983,573600,Katerina,Cluckie,Huntington,304-464-2854,kcluckieh@ucoz.ru
48973,1055400,Sheryl,Pellett,Norwalk,203-923-2427,spelletti@comsenz.com
68689,569800,Pavel,Hulkes,Jefferson City,573-902-2004,phulkesj@zdnet.com
69018,446300,Brandais,Rastall,Saint Louis,314-275-3161,brastallk@house.gov
29396,101500,Daffy,Ivashnikov,New York City,212-735-9844,divashnikovl@tiny.cc
94785,106000,Paige,Milton-White,Sacramento,916-517-4271,pmiltonwhitem@buzzfeed.com
30343,100300,Zebulon,Alliberton,Springfield,217-762-1799,zallibertonn@washingtonpost.com
88690,100301,Donetta,Whetton,Tallahassee,850-918-4022,dwhettono@1688.com
80272,100302,Bartholomew,Scollick,Valdosta,229-796-8979,bscollickp@cornell.edu
13751,100303,Wendel,Wallace,Saint Louis,314-301-6876,wwallaceq@tinypic.com
53288,446200,Neilla,Klawi,Bakersfield,661-816-4195,nklawir@tmall.com
12665,101700,Willard,Skillanders,Raleigh,919-879-8912,wskillanderss@parallels.com
7160,446201,Erie,Heeron,Austin,512-187-2462,eheeront@businessinsider.com
47575,101800,Corina,Pettifer,Cheyenne,307-210-2449,cpettiferu@ucoz.com
994,787100,Lalo,Ridolfi,Fort Smith,479-663-8644,lridolfiv@feedburner.com
91153,569900,Karin,Mance,Omaha,402-988-9263,kmancew@sphinn.com
7532,570500,Jarrid,Ginie,Salem,971-983-0243,jginiex@alibaba.com
7121,1019300,Daphna,Hirth,Brooklyn,347-821-9486,dhirthy@hatena.ne.jp
91167,101900,Brantley,Judge,Cincinnati,513-598-8371,bjudgez@liveinternet.ru
36769,2525400,Shurlocke,Allnutt,Las Vegas,702-291-3518,sallnutt10@rediff.com
9369,2199700,Nikolaus,Gingell,Austin,512-625-7230,ngingell11@posterous.com
70801,526000,Teri,Drysdall,Washington,202-772-5502,tdrysdall12@lulu.com
85765,102000,Kean,Talby,Memphis,901-155-0320,ktalby13@studiopress.com
72689,102100,Ruthie,Blessed,Providence,401-961-4710,rblessed14@123-reg.co.uk
33723,102200,Rozamond,MacNab,Sioux City,712-516-2404,rmacnab15@miibeian.gov.cn
88331,101300,Wolfie,Kettlestringe,Indianapolis,317-787-2255,wkettlestringe16@umn.edu
81024,569300,Godard,Billin,Philadelphia,215-887-2795,gbillin17@loc.gov
32273,102300,Marylynne,Gladdis,Lexington,859-934-3786,mgladdis18@state.tx.us
7775,105900,Arlinda,Oxtiby,Washington,202-443-0860,aoxtiby19@xinhuanet.com
44192,102400,Clayton,Fearns,Alpharetta,404-986-9505,cfearns1a@wsj.com
37943,898800,Aaron,Gamlyn,Saint Louis,314-665-3974,agamlyn1b@wikispaces.com
51004,102600,Noach,Cockrem,Lubbock,806-340-0136,ncockrem1c@ocn.ne.jp
30399,2205500,Elene,Liddington,Washington,202-228-0066,eliddington1d@hostgator.com
42763,102800,Anabal,McLeod,Inglewood,310-387-3112,amcleod1e@dmoz.org
3583,102900,Cordell,Hudspeth,Irvine,714-352-2838,chudspeth1f@hud.gov
35918,100400,Junina,Gratrex,New Orleans,504-351-4081,jgratrex1g@ca.gov
47450,569700,Bobinette,Hrinishin,Lafayette,337-881-7672,bhrinishin1h@smugmug.com
21595,573302,Garrick,Cubberley,Tulsa,918-703-7511,gcubberley1i@gmpg.org
13251,101600,Galina,Ellaway,Fort Wayne,260-568-8897,gellaway1j@sina.com.cn
79083,103100,Allard,Riccelli,Cleveland,440-380-4773,ariccelli1k@joomla.org
63548,569702,Jaquenette,Sydes,New York City,212-143-6510,jsydes1l@gravatar.com
49312,103300,Antoni,Lukock,San Antonio,210-809-4647,alukock1m@guardian.co.uk
22631,103400,Towny,Delbergue,Chicago,312-758-7955,tdelbergue1n@flavors.me
34721,2296000,Fabian,Fairpo,Fairfax,571-827-0060,ffairpo1o@alibaba.com
87375,569200,Read,Clother,West Palm Beach,561-617-0767,rclother1p@cbslocal.com
35350,103000,Tirrell,Beecham,Newark,302-409-0027,tbeecham1q@nationalgeographic.com
39010,103600,Marybeth,Hartell,Dallas,214-979-1372,mhartell1r@php.net
28619,569100,Thor,Bulleyn,Arlington,817-727-3498,tbulleyn1s@skype.com
98400,103800,Honoria,Ripper,New Orleans,504-241-2697,hripper1t@sohu.com
43357,105700,Dulci,Grigg,Ogden,801-991-0815,dgrigg1u@answers.com
88613,001057A1,Mara,MacAloren,Anchorage,907-594-6358,mmacaloren1v@yahoo.co.jp
90038,1123700,Hillyer,Meco,Miami,305-619-2437,hmeco1w@jiathis.com
40972,104100,Forrester,Illes,Burbank,661-531-7998,filles1x@yahoo.co.jp
5303,2270400,Tammy,Hesey,New York City,212-393-5883,thesey1y@harvard.edu
452,104400,Gilberte,Revely,Atlanta,404-842-2821,grevely1z@nyu.edu
96110,104600,Jaclyn,Elmore,Chicago,312-946-1430,jelmore20@lulu.com
97395,573400,Leroi,Burrells,Lynchburg,434-916-6166,lburrells21@npr.org
15380,104800,Adda,Dixie,Fort Lauderdale,754-332-5354,adixie22@cpanel.net
10346,104703,Alexia,Lydall,New York City,646-913-9816,alydall23@cnbc.com
39093,104900,Lemmy,Gooke,Oklahoma City,405-329-1395,lgooke24@mozilla.com
82853,104700,Rudyard,Rimes,Washington,202-730-1435,rrimes25@bluehost.com
43292,105000,Winfred,Astlet,Fort Wayne,260-385-0409,wastlet26@howstuffworks.com
23074,2170600,Lucita,Sultana,Huntington,304-535-4113,lsultana27@facebook.com
63075,001052A1,Wandie,Moneypenny,Chicago,773-729-2647,wmoneypenny28@storify.com
12234,573300,Garvin,Gourlie,Baltimore,443-282-5967,ggourlie29@example.com
23820,2326600,Flem,Paeckmeyer,Huntington,304-287-5475,fpaeckmeyer2a@hatena.ne.jp
39156,1146200,Jody,Bawles,Scottsdale,480-797-0342,jbawles2b@reverbnation.com
55989,106300,Charissa,Lyon,Los Angeles,213-583-7609,clyon2c@telegraph.co.uk
75098,106500,Andonis,Chichgar,Phoenix,602-248-0675,achichgar2d@yellowpages.com
56721,106100,Barrie,Attwool,San Jose,408-717-1707,battwool2e@jiathis.com
42861,3160300,Levy,Donativo,Newark,862-279-4438,ldonativo2f@who.int
60311,2576900,Ekaterina,Brooke,Athens,706-271-8137,ebrooke2g@icio.us
91138,2583300,Marjory,Hallows,Shawnee Mission,913-145-3266,mhallows2h@bing.com
44920,011462A1,Elroy,McCosker,Salt Lake City,801-829-3478,emccosker2i@github.io
84826,106200,Farlie,Wrigglesworth,Rochester,585-582-7482,fwrigglesworth2j@people.com.cn
73091,2541000,Lonnard,Najara,Richmond,804-462-8082,lnajara2k@ucla.edu
16312,2295000,Mimi,Nickerson,Orlando,407-326-0955,mnickerson2l@flavors.me
64034,2174900,Joel,Greenleaf,El Paso,915-681-8171,jgreenleaf2m@smugmug.com
13761,1293700,Caryl,Goody,San Francisco,415-138-0478,cgoody2n@slate.com
68830,886500,Sonnie,Turnell,Newton,781-512-5674,sturnell2o@mashable.com
30729,107000,Fowler,Fann,Harrisburg,717-638-8455,ffann2p@squidoo.com
99695,2199900,Wright,Nancarrow,Pittsburgh,412-623-9371,wnancarrow2q@geocities.jp
48846,2317800,Wilburt,Rounce,Lima,419-563-9909,wrounce2r@fastcompany.com
86947,2280400,Sapphire,Moriarty,Lancaster,717-146-8571,smoriarty2s@usnews.com
44730,2100600,Marlane,Narbett,Charleston,304-509-7026,mnarbett2t@ustream.tv
43607,2100611,Phillip,Tilling,Tampa,813-928-6920,ptilling2u@newyorker.com
26884,2100607,Roze,Calderonello,Waco,254-374-5303,rcalderonello2v@nba.com
35905,3120300,Giselle,Easton,Orlando,321-408-0637,geaston2w@ask.com
24010,886400,Orazio,Masse,Pensacola,850-961-2362,omasse2x@mysql.com
59159,1084700,Luke,Ludy,Hattiesburg,601-952-7601,lludy2y@eepurl.com
24836,2200000,Salmon,Lowrey,Nashville,615-489-1961,slowrey2z@cisco.com
98235,2218800,Francoise,Ioannidis,Manassas,434-950-2900,fioannidis30@addtoany.com
25746,108100,Tomi,Kimbury,Shreveport,318-956-6309,tkimbury31@mapy.cz
80628,107100,Goddart,Coulthard,Fort Pierce,772-650-8069,gcoulthard32@com.com
14945,108300,Joana,Sprowson,Jamaica,718-582-4112,jsprowson33@nationalgeographic.com
91663,2491500,Anson,Proudman,Killeen,254-630-3243,aproudman34@ucoz.com
60332,1073900,Terrill,Kleinplatz,Atlanta,404-913-7574,tkleinplatz35@guardian.co.uk
67971,2561900,Wiley,Kleyn,Philadelphia,215-323-1793,wkleyn36@ycombinator.com
97164,728300,Janice,Pallas,Oklahoma City,405-967-4050,jpallas37@pbs.org
69727,945100,Barry,Harrington,Colorado Springs,719-126-4510,bharrington38@sourceforge.net
93471,2280500,Laura,Vannoort,Montgomery,334-600-2930,lvannoort39@youtube.com
44578,107200,Derward,Itzcovich,San Francisco,415-794-0529,ditzcovich3a@bluehost.com
89680,1180800,Latrena,Hansemann,Cleveland,440-433-5407,lhansemann3b@themeforest.net
32478,1180801,Dinny,Alexandre,New York City,917-553-6446,dalexandre3c@homestead.com
53693,2582700,Charla,Weerdenburg,Chicago,312-277-3580,cweerdenburg3d@etsy.com
50513,2173300,Shay,Ridett,Cincinnati,513-854-9679,sridett3e@nationalgeographic.com
94508,832200,Francesca,De Anesy,Anchorage,907-951-2500,fdeanesy3f@phpbb.com
20423,1085800,Kai,Regenhardt,Little Rock,501-830-7419,kregenhardt3g@lycos.com
31651,107300,Suki,Hitcham,Lansing,517-148-3083,shitcham3h@disqus.com
61742,107600,Donny,Sandercock,Chattanooga,423-278-4350,dsandercock3i@cbc.ca
81165,107400,Boyd,Jarrel,Washington,202-482-6523,bjarrel3j@devhub.com
96191,2263100,Enrica,Fishby,Albuquerque,505-560-0963,efishby3k@ifeng.com
63993,1218400,Molly,Stanyforth,Saginaw,989-873-9532,mstanyforth3l@free.fr
7664,945200,Bibi,Dahlbom,Little Rock,501-200-0530,bdahlbom3m@buzzfeed.com
27720,2521500,Cordie,Klaesson,Colorado Springs,719-350-8404,cklaesson3n@cnbc.com
38388,008924A1,Olvan,Birrane,San Antonio,210-910-6217,obirrane3o@who.int
91769,008924A2,Reinaldos,Baford,El Paso,915-644-4403,rbaford3p@digg.com
73420,892400,Beverley,Schouthede,Erie,814-800-0172,bschouthede3q@squarespace.com
28795,2071200,Mayer,Giovani,Greensboro,336-715-7354,mgiovani3r@cyberchimps.com
73983,2192300,Brooke,Bracco,Ogden,801-140-3710,bbracco3s@artisteer.com
74072,830300,Scottie,Le Marchant,Aurora,303-989-6726,slemarchant3t@miibeian.gov.cn
29815,107700,Harbert,Robeson,Reading,610-144-9366,hrobeson3u@thetimes.co.uk
98262,2361100,Dorthea,Wellings,Colorado Springs,719-839-3020,dwellings3v@unc.edu
10790,2065200,Callie,McGhie,Columbia,803-649-7624,cmcghie3w@about.com
54988,1186400,Tori,Geelan,Lubbock,806-977-6309,tgeelan3x@ucoz.com
83237,2100500,Odo,Golley,College Station,979-122-9266,ogolley3y@wikispaces.com
81965,3004700,Alisa,Aguirrezabal,Philadelphia,215-452-1504,aaguirrezabal3z@mtv.com
9930,824600,Gar,Drohane,Houston,713-342-8907,gdrohane40@geocities.com
48341,108200,Caressa,Dresser,Atlanta,404-961-0330,cdresser41@ezinearticles.com
18909,1186200,Kendricks,Bultitude,Houston,713-681-1456,kbultitude42@github.io
83561,193701,Willi,Raithmill,Corpus Christi,361-633-6604,wraithmill43@nasa.gov
96106,1234300,Britt,Ferminger,Riverside,951-588-4374,bferminger44@163.com
71202,107800,Lenore,Brunskill,Baltimore,410-839-4681,lbrunskill45@over-blog.com
83592,2623800,Joeann,Howsego,Austin,512-824-8077,jhowsego46@time.com
23732,2098800,Jennee,Jansen,Dayton,937-215-9474,jjansen47@blinklist.com
61108,726600,Riordan,Chafney,Toledo,419-369-4224,rchafney48@gmpg.org
39240,2217100,Noel,Cottey,Wichita Falls,940-242-4171,ncottey49@sciencedirect.com
52861,2217103,Eadmund,Rizzone,Honolulu,808-159-1483,erizzone4a@meetup.com
46100,2065300,Netty,Southers,Boise,208-239-5356,nsouthers4b@pinterest.com
21365,1168900,Kinsley,Sellars,Amarillo,806-789-5358,ksellars4c@newyorker.com
98416,2177500,Thane,Silburn,Houston,713-156-7376,tsilburn4d@loc.gov
36672,2113800,Shauna,Ledgley,Reno,775-105-2684,sledgley4e@mozilla.com
73328,2187401,Miran,Ramelot,Fresno,559-675-7856,mramelot4f@globo.com
61979,830400,Kizzie,Mattke,Minneapolis,612-934-2264,kmattke4g@mail.ru
67374,2146600,Hilton,Cakes,Nashville,615-922-4845,hcakes4h@privacy.gov.au
64001,2181300,Masha,Brear,Mesquite,972-255-3089,mbrear4i@bbc.co.uk
92416,711300,Kristal,Pettitt,Farmington,248-519-5936,kpettitt4j@plala.or.jp
92225,446700,Rafaello,Massard,Charlottesville,434-951-8887,rmassard4k@salon.com
84866,1228200,Karel,Spleving,Rochester,585-445-1277,kspleving4l@si.edu
88594,822100,Ofilia,Charte,New York City,212-571-2112,ocharte4m@ustream.tv
49145,3081200,Alwyn,Banasik,Hialeah,305-418-7336,abanasik4n@weebly.com
34504,2171500,Forrest,Passman,Lexington,859-698-6212,fpassman4o@vkontakte.ru
34902,2220300,Camila,Brailsford,Farmington,248-252-6391,cbrailsford4p@bigcartel.com
59170,107900,Gray,Kezar,Minneapolis,763-360-2980,gkezar4q@constantcontact.com
67738,110100,Otes,Wakelin,Peoria,928-796-9508,owakelin4r@elegantthemes.com
31712,110900,Loise,Stannion,Omaha,402-967-3845,lstannion4s@naver.com
97158,3065100,Ettie,Carlow,Carol Stream,309-888-9680,ecarlow4t@networksolutions.com
41361,108700,Juliette,Dumphry,Oceanside,760-613-5457,jdumphry4u@creativecommons.org
52148,3005100,Thedric,Astlet,Terre Haute,812-454-4190,tastlet4v@edublogs.org
18052,108800,Halimeda,Tatam,Arvada,720-476-1966,htatam4w@blogspot.com
3787,3023400,Barri,Dykas,Atlanta,404-684-0354,bdykas4x@wordpress.org
15604,2363500,Paxton,Stewartson,Henderson,702-208-3045,pstewartson4y@ibm.com
90207,110800,Myrtie,Quin,Austin,512-471-2569,mquin4z@wordpress.org
13904,108600,Lorne,Tranmer,Minneapolis,952-706-9919,ltranmer50@facebook.com
27207,109001,Gareth,Spere,Washington,202-476-7838,gspere51@about.com
19219,109000,Olia,Syres,Phoenix,602-426-6100,osyres52@mlb.com
81302,108900,Sada,Andreu,Louisville,502-382-3340,sandreu53@weebly.com
67935,524900,Benedicta,Sterrie,Dearborn,313-160-1616,bsterrie54@ycombinator.com
33288,108500,Lia,Grimwood,Milwaukee,414-299-1719,lgrimwood55@apache.org
98269,2538500,Gualterio,Gaddes,Washington,202-443-9815,ggaddes56@amazon.co.jp
85567,3105200,Graig,Schirok,Denver,720-705-5734,gschirok57@apache.org
66585,2260400,Elana,Corkhill,Laurel,301-509-2416,ecorkhill58@webnode.com
42230,2052200,Cordi,Roffey,San Antonio,210-682-1486,croffey59@cbc.ca
4574,109200,Samuele,Sherewood,Erie,814-759-0846,ssherewood5a@people.com.cn
40499,109300,Sampson,Le Batteur,Chicago,773-885-6339,slebatteur5b@mtv.com
96839,2220900,Nicolas,Olexa,New York City,212-299-9908,nolexa5c@disqus.com
91514,525000,Glenna,Haslewood,Alexandria,571-976-0047,ghaslewood5d@amazon.com
83655,109500,Dean,Caplen,Houston,713-260-2480,dcaplen5e@nature.com
61225,704400,Helen-elizabeth,Kose,Las Vegas,702-284-8486,hkose5f@infoseek.co.jp
41923,3116800,Herold,Kinane,Aiken,803-773-4990,hkinane5g@uol.com.br
83634,704300,Frederick,Markwick,Madison,608-926-1937,fmarkwick5h@house.gov
98661,1226000,Theodore,Hoonahan,Peoria,309-653-5235,thoonahan5i@reference.com
11006,2272400,Mabelle,Dyne,Albany,518-437-5749,mdyne5j@youtube.com
4015,3124900,Shaylah,Rowlstone,Boise,208-657-7583,srowlstone5k@unesco.org
51001,531900,Rem,Norcop,Lancaster,661-381-8586,rnorcop5l@sphinn.com
72772,2211800,Carina,Farenden,Sioux Falls,605-776-9446,cfarenden5m@alibaba.com
40838,1210500,Feliks,Poacher,Chicago,312-307-9004,fpoacher5n@bravesites.com
17005,2073500,Kippie,Mabson,Dallas,469-342-2807,kmabson5o@privacy.gov.au
3785,2138800,Teodor,Collings,Worcester,508-147-1527,tcollings5p@livejournal.com
40567,109701,Leontyne,Canham,Sacramento,916-607-3092,lcanham5q@time.com
77451,109700,Duky,Bloom,New Haven,203-212-8869,dbloom5r@imageshack.us
16405,2343900,Gard,Blaymires,Washington,202-570-0200,gblaymires5s@hubpages.com
58843,109800,Simonette,Barclay,Houston,713-890-9050,sbarclay5t@webmd.com
67484,109900,Correy,Stonelake,Tyler,903-269-4709,cstonelake5u@sciencedaily.com
66644,3007100,Nata,Laurentin,Dayton,937-884-4039,nlaurentin5v@apache.org
59608,2330800,Blair,Chason,Boynton Beach,561-967-4839,bchason5w@cnet.com
33542,110000,Mel,Marunchak,Washington,703-411-5339,mmarunchak5x@sohu.com
93589,2525800,Nari,Ladell,Richmond,804-527-2639,nladell5y@flavors.me
29711,2341700,Mandel,Sketch,Austin,512-105-3923,msketch5z@wired.com
9928,3001300,Hewitt,Drawmer,Philadelphia,215-694-8668,hdrawmer60@cbc.ca
91334,2287400,Noel,Walder,Chicago,224-821-0629,nwalder61@uol.com.br
53009,1074100,Appolonia,Ricard,Philadelphia,215-769-9451,aricard62@gnu.org
21074,2348200,Roi,Stannis,Raleigh,919-140-0978,rstannis63@buzzfeed.com
83168,1286000,Evy,Dinan,Jacksonville,904-498-9877,edinan64@hao123.com
43107,2559600,Drusilla,Pennetti,Tampa,813-834-1175,dpennetti65@foxnews.com
83975,2284200,Carrie,Curtayne,Spokane,509-886-2039,ccurtayne66@newyorker.com
32318,1226100,Brigid,Laurisch,Apache Junction,480-133-1903,blaurisch67@nhs.uk
76975,2343100,Brock,Russan,Sacramento,916-793-5261,brussan68@cnn.com
24274,2073700,Mirabel,Bolin,Columbus,614-810-9787,mbolin69@guardian.co.uk
8838,110200,Carita,Plaice,Houston,713-746-7421,cplaice6a@cnet.com
42073,997600,Aeriell,Philipps,Virginia Beach,757-779-8188,aphilipps6b@yahoo.co.jp
93468,2087000,Angelle,Bison,Knoxville,865-817-7740,abison6c@oracle.com
51767,109400,Ilario,Scrigmour,Tulsa,918-640-5112,iscrigmour6d@unc.edu
27617,524500,Ilysa,Baskerville,Wilkes Barre,570-795-4793,ibaskerville6e@nydailynews.com
74819,110300,Demetris,Cardenosa,Atlanta,404-618-3785,dcardenosa6f@nifty.com
41969,110400,Jesse,Jolliss,Washington,202-881-0039,jjolliss6g@elpais.com
687,570700,Marion,Dmiterko,North Hollywood,213-645-3340,mdmiterko6h@ameblo.jp
33852,2160000,Alverta,Eskrigge,Killeen,254-184-7568,aeskrigge6i@php.net
18133,2202400,Carroll,Oldam,Birmingham,205-550-3750,coldam6j@umich.edu
52016,2075300,Chicky,De Lisle,Johnstown,814-944-7673,cdelisle6k@sohu.com
59673,2120500,Ilyse,Gorsse,Fort Wayne,260-834-7099,igorsse6l@nifty.com
76434,573200,Gar,Golds,Dallas,214-147-3569,ggolds6m@wufoo.com
91779,110401,Jacky,Sausman,Greenville,864-555-6216,jsausman6n@macromedia.com
86629,2111100,Horten,O'Downe,New Haven,203-884-5313,hodowne6o@spotify.com
73160,792100,Vitia,Laurenty,Reading,610-898-4569,vlaurenty6p@cnn.com
57282,2569600,Annelise,Simison,Oklahoma City,405-905-8457,asimison6q@princeton.edu
1830,110500,Kane,Longfield,Dallas,214-600-4931,klongfield6r@businessweek.com
61770,110600,Earvin,Leyes,Saint Paul,651-679-3428,eleyes6s@twitter.com
80167,2339800,Tess,Boise,Saginaw,989-685-9758,tboise6t@toplist.cz
87445,426900,Adrianne,Mackney,Houston,832-529-6017,amackney6u@sun.com
52703,2074600,Coop,Kettlestringe,Roanoke,540-587-0453,ckettlestringe6v@vk.com
75330,110700,Nickolai,Atherton,Savannah,912-620-1896,natherton6w@123-reg.co.uk
45702,773800,Mag,Beadman,Indianapolis,317-931-8781,mbeadman6x@unicef.org
93322,111000,Betteann,Kingdon,Milwaukee,414-537-3028,bkingdon6y@constantcontact.com
46758,753100,Ferdinanda,Lardeux,Boulder,303-723-9758,flardeux6z@addthis.com
66575,2120900,Tadd,Carrell,Dallas,214-487-6106,tcarrell70@elegantthemes.com
98354,3098700,Jackie,MacGiffin,Shawnee Mission,913-673-7393,jmacgiffin71@springer.com
86549,2342400,Lotti,O'Dunniom,Washington,202-113-3193,lodunniom72@discovery.com
10573,760500,Alikee,Bountiff,Des Moines,515-936-1768,abountiff73@jimdo.com
36682,2258600,Ilario,Jedraszczyk,Carson City,775-972-6710,ijedraszczyk74@wikispaces.com
61745,672000,Corbin,Cargon,Wichita,316-117-8214,ccargon75@sbwire.com
58432,111100,Woodrow,Eddie,Seattle,206-143-6128,weddie76@xrea.com
16382,2106900,Serena,Willars,Pasadena,626-743-7718,swillars77@imageshack.us
95061,112000,Sydel,Peer,Seattle,425-375-1127,speer78@mtv.com
28045,2222000,Husein,Alwen,Dallas,214-406-9395,halwen79@umich.edu
92707,1307400,Sonnie,Remnant,Palm Bay,561-698-1286,sremnant7a@google.nl
29481,927900,Irwin,Twinberrow,Memphis,901-914-4314,itwinberrow7b@arstechnica.com
45528,2113601,Kerr,Brende,Jefferson City,573-767-0956,kbrende7c@freewebs.com
4659,2241800,Bryon,McBeth,Schenectady,518-246-0528,bmcbeth7d@desdev.cn
8570,3062200,Rutger,Ickovitz,San Antonio,210-745-6036,rickovitz7e@gnu.org
47095,2099200,Aggi,Betton,Denver,303-807-9623,abetton7f@newyorker.com
41631,123200,Glad,Collocott,Buffalo,716-419-3244,gcollocott7g@economist.com
94920,1206100,Bar,Scardifeild,Colorado Springs,719-325-6525,bscardifeild7h@eventbrite.com
98579,111300,Geri,Gopsill,Las Vegas,702-440-7599,ggopsill7i@soundcloud.com
65370,111600,Sergent,Lapworth,North Las Vegas,702-652-0010,slapworth7j@wired.com
45032,902200,Oliver,Straun,Jacksonville,904-406-9193,ostraun7k@sun.com
39011,2553500,Lynette,Gwinnel,Decatur,217-841-3404,lgwinnel7l@go.com
57397,2553100,Devora,Fernandes,Sioux Falls,605-312-0452,dfernandes7m@github.com
73887,111700,Willi,Caldecourt,Des Moines,515-680-2774,wcaldecourt7n@newyorker.com
41824,111800,Isis,Bras,Roanoke,540-489-8755,ibras7o@techcrunch.com
12496,2180600,Angelo,Whyborn,Springfield,217-249-3294,awhyborn7p@prlog.org
56457,111900,Hartwell,Odde,Daytona Beach,386-902-3068,hodde7q@nbcnews.com
91576,705000,Clement,Hardacre,San Diego,858-493-4049,chardacre7r@sogou.com
75090,112100,Tracie,Fewkes,Sacramento,916-340-5826,tfewkes7s@hao123.com
39790,112200,Harcourt,Bensley,Albuquerque,505-358-6135,hbensley7t@technorati.com
80819,1294400,Marcella,Cowdery,San Diego,619-317-3904,mcowdery7u@washingtonpost.com
13469,2065500,Farleigh,Haspineall,Madison,608-343-7417,fhaspineall7v@reference.com
92945,112300,Tiffie,Seven,Fort Lauderdale,954-664-6600,tseven7w@uol.com.br
12944,2543400,Sanders,Demangeot,Dallas,972-646-4517,sdemangeot7x@liveinternet.ru
82893,716400,Goldia,Esgate,Lansing,517-744-8209,gesgate7y@timesonline.co.uk
63403,807300,Horatius,Burgher,North Little Rock,501-800-2278,hburgher7z@google.com.hk
59642,2237200,Justinn,MacGiany,Tacoma,253-101-1124,jmacgiany80@diigo.com
16584,1215400,Nessie,Mandrake,Amarillo,806-614-3167,nmandrake81@wix.com
89847,1256201,Rafe,Renahan,Topeka,785-902-3011,rrenahan82@state.tx.us
81700,112400,Willie,Stetlye,Charleston,304-351-7518,wstetlye83@mapquest.com
14174,112500,Ladonna,Yakovl,Buffalo,716-220-3326,lyakovl84@canalblog.com
51444,112700,Del,Battill,Corona,951-337-7703,dbattill85@yelp.com
6484,394700,Clo,Edmand,Birmingham,205-382-7687,cedmand86@reverbnation.com
72573,113100,Belle,MacCook,Bozeman,406-503-6090,bmaccook87@studiopress.com
36419,113300,Kenyon,Roadnight,Pittsburgh,-4217,kroadnight88@abc.net.au
58395,114300,Aldric,Napper,Nashville,615-634-2367,anapper89@bizjournals.com
75143,2511100,Corby,Brunnen,Denver,303-970-7314,cbrunnen8a@vinaora.com
16409,1001300,Brockie,Dashkov,Lubbock,806-106-3266,bdashkov8b@alibaba.com
49698,1111700,Abbie,Hartwright,Conroe,936-450-4136,ahartwright8c@china.com.cn
58350,1188100,Shadow,Laurant,Lake Charles,337-678-1871,slaurant8d@com.com
61824,799300,Joan,Backes,Chicago,312-400-5952,jbackes8e@xrea.com
15172,115700,Mark,Hamberston,Santa Barbara,805-948-6058,mhamberston8f@nsw.gov.au
80773,114200,Dave,Mandry,San Jose,408-112-6302,dmandry8g@angelfire.com
81248,114400,Lucretia,Ninnis,Fort Lauderdale,954-365-5598,lninnis8h@elegantthemes.com
41581,114600,Herold,Bullerwell,Virginia Beach,757-216-4761,hbullerwell8i@youku.com
34593,114100,Ogden,Kirmond,Charlotte,704-550-3932,okirmond8j@cbsnews.com
67591,114700,Derby,Facher,Amarillo,806-951-1078,dfacher8k@cam.ac.uk
96736,113700,Massimo,Paddock,Chicago,847-855-1099,mpaddock8l@goo.gl
62318,113800,Norman,Horrod,Atlanta,404-420-0159,nhorrod8m@va.gov
36903,113900,Damien,Lukock,Huntsville,256-671-4785,dlukock8n@businessinsider.com
16058,114000,Audy,Meneyer,Anderson,864-480-2362,ameneyer8o@cbslocal.com
94562,115300,Karmen,Zute,Boise,208-741-2610,kzute8p@facebook.com
72140,115000,Borg,Hawkes,Richmond,804-999-7363,bhawkes8q@deliciousdays.com
17872,131200,Elyn,Claricoats,Topeka,785-562-0501,eclaricoats8r@sourceforge.net
46129,131300,Jamison,Rosenbusch,Orange,714-316-8234,jrosenbusch8s@arizona.edu
67608,131400,Yurik,Cameli,Missoula,406-326-7114,ycameli8t@washingtonpost.com
41944,131500,Kiel,Januszewicz,Baton Rouge,225-267-6495,kjanuszewicz8u@marketwatch.com
43216,131600,Darelle,Zaple,Boston,318-113-4452,dzaple8v@buzzfeed.com
52029,131700,Aileen,Puffett,Phoenix,602-861-1612,apuffett8w@tumblr.com
41624,131900,Kay,Berre,Pittsburgh,412-931-5587,kberre8x@nsw.gov.au
12491,132000,Skipton,Delgadillo,Atlanta,404-819-0000,sdelgadillo8y@taobao.com
6205,132100,Isaiah,Becke,Honolulu,808-164-7053,ibecke8z@spotify.com
79993,2267600,Brien,Waddie,Lynn,339-509-5861,bwaddie90@whitehouse.gov
65515,2065700,Mersey,Buntin,Sioux Falls,605-167-4072,mbuntin91@istockphoto.com
31748,2515500,Reggy,Luddy,Salt Lake City,801-430-2132,rluddy92@google.com.br
66138,884400,Skelly,MacCahey,Columbus,614-443-8282,smaccahey93@fastcompany.com
82236,2110800,Lurette,Eyton,New York City,646-780-4905,leyton94@trellian.com
34400,113500,Willette,Vennings,Youngstown,330-379-1238,wvennings95@fastcompany.com
77643,2220200,Rik,Scopham,Buffalo,716-482-9756,rscopham96@123-reg.co.uk
30469,1186500,Nobie,Ratray,Young America,952-191-0172,nratray97@si.edu
80855,113200,Beauregard,Avramovitz,Fort Lauderdale,754-386-7417,bavramovitz98@mit.edu
32611,113400,Akim,D'Alesco,Beaufort,843-466-5694,adalesco99@ebay.co.uk
20467,1256200,Danit,Bonn,Denver,303-867-1124,dbonn9a@woothemes.com
28686,3080500,Devy,Grimwade,Las Vegas,702-298-6935,dgrimwade9b@alexa.com
27553,1310300,Davidde,Maes,Seattle,206-782-0694,dmaes9c@free.fr
9159,697300,Bartholomeo,Bubear,Houston,713-746-7265,bbubear9d@nationalgeographic.com
62705,890300,Joachim,Tirte,Louisville,502-814-1536,jtirte9e@jigsy.com
20402,2125000,Pris,Heckner,Detroit,313-777-8717,pheckner9f@un.org
7763,673100,Grace,Cropper,San Francisco,415-219-8391,gcropper9g@senate.gov
51754,2332809,Rhianna,La Batie,Des Moines,515-707-2398,rlabatie9h@census.gov
79541,2332800,Brew,O'Lochan,Cincinnati,513-803-4401,bolochan9i@businessinsider.com
86530,2332810,Mannie,Robecon,Atlanta,404-161-3177,mrobecon9j@4shared.com
80683,2332814,Mikael,Axtell,Galveston,281-112-8794,maxtell9k@nyu.edu
14015,2332819,Quintana,Jirieck,Syracuse,315-114-7072,qjirieck9l@myspace.com
13029,2332808,Ephrem,Stitle,Fort Worth,817-386-8019,estitle9m@yellowpages.com
39111,2332813,Caryl,Salmen,El Paso,915-434-1058,csalmen9n@freewebs.com
97008,116100,Kacey,Lawton,Milwaukee,414-418-3679,klawton9o@blogs.com
92945,1011100,Claudianus,Valentine,Fayetteville,910-479-2956,cvalentine9p@redcross.org
44950,116200,Hillard,Bynert,Metairie,504-443-0697,hbynert9q@1und1.de
27191,116300,Cory,Francesc,Clearwater,727-889-9808,cfrancesc9r@mayoclinic.com
37914,116400,Aubine,Casazza,Roanoke,540-717-0434,acasazza9s@wordpress.com
41946,1036500,Lou,Arondel,Washington,202-426-0938,larondel9t@cnbc.com
72220,427600,Town,McGlue,Aurora,303-129-5031,tmcglue9u@bandcamp.com
16303,2070500,Parke,Braden,Des Moines,515-997-9572,pbraden9v@europa.eu
38210,1203100,Jacinda,Driffe,Wichita,316-702-2817,jdriffe9w@nifty.com
79800,116500,Eartha,Byard,San Francisco,415-119-5217,ebyard9x@edublogs.org
80601,116600,Benjie,Trembey,Columbus,614-369-1689,btrembey9y@walmart.com
41529,450201,Erie,Rodenburg,Davenport,563-856-0399,erodenburg9z@engadget.com
75778,116900,Arin,Posnett,Juneau,907-137-8911,aposnetta0@alexa.com
18290,117000,Janetta,Hambling,Saint Paul,651-743-5989,jhamblinga1@unicef.org
38646,2497301,Evangelia,Wearne,Greenville,864-799-3440,ewearnea2@uol.com.br
78613,2147400,Abigail,Francey,Jacksonville,904-278-2097,afranceya3@symantec.com
84691,2309500,Giustina,Punter,Kansas City,816-412-0379,gpuntera4@twitter.com
37936,2063500,Emmerich,O'Hannay,Houston,214-980-3315,eohannaya5@dion.ne.jp
13199,117700,Inga,Gatman,Little Rock,501-619-7375,igatmana6@csmonitor.com
73336,729600,Kate,McGillacoell,Houston,281-398-7940,kmcgillacoella7@imdb.com
53475,2220001,Egan,Juniper,Dallas,214-353-9732,ejunipera8@mail.ru
77033,1169600,Brook,Vobes,Phoenix,602-760-2126,bvobesa9@un.org
12047,2482700,Quentin,Veel,Waco,254-941-4078,qveelaa@cam.ac.uk
37004,770700,Tobiah,Rowswell,Birmingham,205-687-2804,trowswellab@abc.net.au
75445,2110200,Burnaby,Girardey,Sacramento,916-425-5459,bgirardeyac@japanpost.jp
33971,118800,Antonia,Gamett,Boston,617-349-6214,agamettad@omniture.com
17347,959100,Shepperd,D'Ruel,Dallas,214-414-3119,sdruelae@digg.com
75003,3063000,Tedman,Jee,Lexington,859-820-5364,tjeeaf@un.org
65569,3064200,Thedrick,Mathewes,Herndon,757-197-8496,tmathewesag@bizjournals.com
81204,2313800,Kay,Matuszynski,Rochester,585-723-0613,kmatuszynskiah@salon.com
9003,2277000,Killy,Colquete,Cincinnati,513-845-6543,kcolqueteai@nbcnews.com
96748,722900,Andie,Hedditch,Memphis,901-729-0514,ahedditchaj@weibo.com
19270,119000,Sissy,Dowle,Madison,608-585-8427,sdowleak@hexun.com
46947,753600,Toddie,Burleigh,Kansas City,816-653-5978,tburleighal@bbb.org
45884,3120200,Patrizius,Trowl,Albuquerque,505-825-5587,ptrowlam@usa.gov
579,927200,Dido,Defraine,Aurora,303-909-3673,ddefrainean@phoca.cz
79849,119200,Nathanil,Yegorev,Rochester,585-359-1410,nyegorevao@omniture.com
43185,2111300,Nikaniki,Addams,North Port,941-534-1182,naddamsap@si.edu
22864,119300,Geno,Gamon,Asheville,828-654-4751,ggamonaq@hibu.com
38606,1022900,Panchito,Dudley,Dallas,214-975-3486,pdudleyar@360.cn
38956,2257800,Noelle,Woolley,Washington,202-639-9066,nwoolleyas@360.cn
84132,448000,Constancy,Roubottom,Stockton,209-596-4142,croubottomat@sfgate.com
95853,119400,Marley,Scardifield,Tucson,520-426-4951,mscardifieldau@imgur.com
89229,3025600,Leicester,Colgan,Sacramento,916-722-1595,lcolganav@cnbc.com
18004,118200,Valentine,Roskams,Dulles,571-446-7224,vroskamsaw@desdev.cn
20658,2298000,Rod,Berre,Newark,302-826-1962,rberreax@sitemeter.com
10082,2332900,Don,Drillot,Saint Petersburg,727-911-8796,ddrillotay@addthis.com
19833,119100,Conni,Dillinger,Albuquerque,505-393-5815,cdillingeraz@cbc.ca
70306,2141300,Bill,Girardet,Topeka,785-533-9417,bgirardetb0@businessinsider.com
24905,119600,Noami,Poat,Miami,954-190-8076,npoatb1@nature.com
48074,129600,Artur,Vickerman,Asheville,828-642-7777,avickermanb2@friendfeed.com
924,915800,Lemmie,Newhouse,Boise,208-580-5850,lnewhouseb3@who.int
5431,724600,Lee,Blanchflower,Sparks,775-632-3657,lblanchflowerb4@go.com
88488,2226000,Antonie,Baack,Oakland,510-887-1737,abaackb5@mapquest.com
13533,1044500,Cesaro,Denty,Wilmington,302-636-9883,cdentyb6@twitter.com
64359,2086400,Bertrando,Cinavas,New Orleans,504-531-7999,bcinavasb7@posterous.com
71567,889500,Jenelle,MacIlraith,Arlington,817-215-0194,jmacilraithb8@sfgate.com
20767,119700,Kathye,Keates,Cincinnati,513-382-3936,kkeatesb9@omniture.com
53101,2165000,Heida,Bertholin,Hampton,757-279-6219,hbertholinba@theatlantic.com
25910,2165001,Dotty,Breffitt,El Paso,915-768-9864,dbreffittbb@1und1.de
66332,2091200,Nelie,Kemston,Sacramento,916-119-8846,nkemstonbc@vkontakte.ru
25238,1265100,Crista,Nuss,Pensacola,850-154-6701,cnussbd@macromedia.com
31756,1265000,Nomi,Dutson,Modesto,209-942-8110,ndutsonbe@pagesperso-orange.fr
47462,2221300,Violet,Pendleberry,Salem,503-461-2044,vpendleberrybf@tmall.com
63089,2609000,Riordan,Praundlin,Ashburn,571-440-3187,rpraundlinbg@yahoo.co.jp
83670,903200,Sandra,Pic,Spring,281-950-3523,spicbh@yellowbook.com
38784,1245201,Onfroi,Erangey,Great Neck,516-292-7766,oerangeybi@yahoo.com
75857,1111200,Cathleen,Lafrentz,Fresno,209-711-7239,clafrentzbj@scribd.com
58927,2234300,Jeannette,Tiley,Charlotte,704-570-3020,jtileybk@usatoday.com
95280,1111202,Jenna,Kenyam,Richmond,804-898-4114,jkenyambl@hugedomains.com
75781,1111203,Kelley,Ivetts,North Hollywood,323-785-1848,kivettsbm@yandex.ru
64650,859700,Cassie,Moncey,Albany,518-279-6031,cmonceybn@reuters.com
92090,725300,Hobard,Yosevitz,Greensboro,336-947-7002,hyosevitzbo@yandex.ru
16817,712600,Meg,Sapauton,Tampa,813-531-2632,msapautonbp@jigsy.com
60742,2096100,Reggis,Tapping,Bridgeport,203-706-1507,rtappingbq@paginegialle.it
75216,1298500,Alley,Pedrol,Washington,202-943-2149,apedrolbr@slate.com
97716,119900,Meggi,Bedome,Oklahoma City,405-870-8834,mbedomebs@nhs.uk
18706,2230900,Jaime,Adamovitz,Madison,608-250-3207,jadamovitzbt@guardian.co.uk
55167,130700,Boycey,Howard - Gater,Migrate,502-920-5689,bhowardgaterbu@bravesites.com
3028,125300,Broddy,Kinder,Saint Louis,314-542-2254,bkinderbv@amazon.co.jp
85730,120000,Ric,Broschke,Pasadena,626-603-6731,rbroschkebw@bing.com
99229,120100,Tabitha,Sturman,Mobile,251-406-8938,tsturmanbx@psu.edu
11600,1202702,Joyann,Forkan,Redwood City,650-866-0543,jforkanby@narod.ru
81816,1202700,Ram,Imm,Memphis,901-611-5510,rimmbz@netlog.com
40719,1202703,Ingrim,Niles,Lakeland,863-297-6002,inilesc0@guardian.co.uk
79874,1304600,Silas,Bolino,Saint Petersburg,727-569-8371,sbolinoc1@sakura.ne.jp
50125,120200,Dilly,Keeton,Sacramento,916-992-9820,dkeetonc2@amazon.co.jp
35721,2231900,Marshal,Woodfield,Denver,303-716-4128,mwoodfieldc3@miitbeian.gov.cn
94671,120300,Lowell,Tremble,Jackson,601-763-8074,ltremblec4@cisco.com
74291,2338500,Gates,Orto,Orlando,407-738-6904,gortoc5@miibeian.gov.cn
96963,120400,Baudoin,Hunston,El Paso,915-295-1670,bhunstonc6@weibo.com
97514,001205A6,Hildy,Obey,Houston,713-836-9121,hobeyc7@reference.com
45495,120500,Virginie,McCallam,Bradenton,727-970-6235,vmccallamc8@nhs.uk
38537,120600,Roseline,Druce,Spring Hill,352-626-0890,rdrucec9@bravesites.com
74089,120700,Lonnie,Tejada,Philadelphia,610-178-5626,ltejadaca@jugem.jp
72519,120800,Celene,Bulfit,Huntington,304-617-5724,cbulfitcb@europa.eu
55894,2211000,Rivalee,Hachard,Fort Wayne,260-414-5190,rhachardcc@reddit.com
79608,1037500,Cyb,Brea,Buffalo,716-429-2861,cbreacd@go.com
14555,120900,Roderigo,O'Beirne,Arlington,571-855-2965,robeirnece@cdc.gov
45027,117100,Derrik,Trosdall,Richmond,804-292-6713,dtrosdallcf@ow.ly
53155,853200,Brok,Thynne,Baton Rouge,225-673-8405,bthynnecg@oaic.gov.au
35207,729400,Heloise,Bryers,Orange,760-464-9969,hbryersch@msu.edu
95133,121000,Constantina,Klesse,Los Angeles,213-648-0736,cklesseci@newsvine.com
94251,747700,Morganne,Latch,Trenton,609-717-5377,mlatchcj@va.gov
62824,809300,Bethanne,Pepperell,Modesto,209-137-2420,bpepperellck@cnn.com
23528,2262300,Jilleen,Dorkins,Memphis,901-510-8949,jdorkinscl@eventbrite.com
64632,2593200,Franklyn,Athridge,Phoenix,602-830-5621,fathridgecm@xrea.com
33781,723400,Wildon,Samms,Young America,952-411-4293,wsammscn@mtv.com
14637,2079800,Billy,Vedyaev,Albany,518-367-3165,bvedyaevco@tinypic.com
81844,2187500,Hinze,McArthur,San Bernardino,909-369-3879,hmcarthurcp@samsung.com
40093,2285100,Ciro,Pallesen,Saint Paul,651-337-2340,cpallesencq@bluehost.com
92387,118300,Shadow,Petrolli,Columbus,706-418-3415,spetrollicr@nbcnews.com
53411,114900,Jacky,Zumbusch,Phoenix,602-500-5055,jzumbuschcs@bizjournals.com
44835,121200,Land,Wilmore,Spokane,509-294-9003,lwilmorect@histats.com
6619,2496000,Mic,Gounel,Warren,586-870-8494,mgounelcu@ucoz.ru
41970,2084002,Sam,Gobert,Pinellas Park,850-768-2692,sgobertcv@house.gov
31153,121400,Mariann,Ziemsen,Albuquerque,505-386-8995,mziemsencw@foxnews.com
58080,2128300,Christean,Kielty,Columbus,614-888-2049,ckieltycx@miibeian.gov.cn
69863,3117100,Aurora,Hammel,Boston,978-356-9931,ahammelcy@ucoz.com
38457,2312400,Karin,Rymour,Visalia,209-625-1309,krymourcz@theglobeandmail.com
14818,2520300,Byran,Robertis,Chattanooga,423-350-7636,brobertisd0@google.co.jp
19757,2222903,Hildy,Simmonite,Saint Joseph,816-881-0979,hsimmonited1@blinklist.com
71565,2521300,Nevins,Cranfield,Oakland,510-649-0040,ncranfieldd2@cisco.com
90211,2255400,Cosimo,Merredy,Nashville,615-664-5580,cmerredyd3@yahoo.com
65830,2539500,Bella,Westmoreland,Spartanburg,864-228-7540,bwestmorelandd4@rakuten.co.jp
9698,2291600,Paquito,Gauge,Saint Paul,651-727-6552,pgauged5@si.edu
27408,2291500,Adlai,Pykerman,Boulder,303-479-9705,apykermand6@joomla.org
92919,2321900,Nanon,Linnell,Cincinnati,513-800-7771,nlinnelld7@archive.org
13046,1202600,Rodi,McGuinness,Portland,207-726-9978,rmcguinnessd8@elpais.com
91685,023248A1,Blithe,Rowswell,Houston,713-472-6913,browswelld9@springer.com
22447,2228600,Hulda,Windham,Spokane,509-176-2799,hwindhamda@un.org
89238,2324800,Evelyn,Moncaster,Boise,208-508-2096,emoncasterdb@tripadvisor.com
12700,1033300,Ruben,Byass,Honolulu,808-370-0202,rbyassdc@hexun.com
80463,448400,Zilvia,Segeswoeth,Cleveland,216-204-1778,zsegeswoethdd@globo.com
41648,274100,Debbi,Weare,Lakeland,863-793-4890,dwearede@google.com
37313,130800,Cleavland,January 1st,Houston,713-263-8997,cjanuarystdf@desdev.cn
28145,2270600,Pauly,Gosenell,Charlotte,704-445-8356,pgosenelldg@mashable.com
72006,2327600,Faith,Camelli,Orlando,407-193-4356,fcamellidh@histats.com
79767,121600,Zachary,Arundale,Las Cruces,505-554-9818,zarundaledi@histats.com
3788,2330500,Tessi,Umfrey,Idaho Falls,208-856-7625,tumfreydj@nbcnews.com
15826,1290700,Lothario,Laird-Craig,Roanoke,540-919-9221,llairdcraigdk@weibo.com
93132,1301000,Nicholle,Sharman,Memphis,901-351-4111,nsharmandl@examiner.com
84,126600,Maud,Bryson,Savannah,912-369-2121,mbrysondm@seesaa.net
39641,121700,Shaun,MacCartney,Omaha,402-475-5102,smaccartneydn@cam.ac.uk
36773,2228500,Berri,Lushey,Los Angeles,818-778-8256,blusheydo@facebook.com
140,1082500,Rooney,Smiths,Saint Petersburg,727-430-2369,rsmithsdp@shinystat.com
23273,121500,Chas,Spurritt,Memphis,901-814-2353,cspurrittdq@hatena.ne.jp
64992,121800,Jerry,Weir,Atlanta,404-198-6189,jweirdr@mlb.com
59991,121900,Paige,Cotte,Milwaukee,414-582-9251,pcotteds@diigo.com
18669,122900,Abey,Emmer,Louisville,502-673-9009,aemmerdt@nifty.com
75523,122400,Job,Lyfe,Palo Alto,310-723-5831,jlyfedu@miitbeian.gov.cn
21053,122600,Rosina,Prisk,Oakland,510-171-2699,rpriskdv@1und1.de
74681,704700,Jerrie,Looney,Raleigh,919-930-5879,jlooneydw@harvard.edu
69834,122700,Darsey,Dowers,Springfield,217-942-6040,ddowersdx@amazonaws.com
74760,122800,Neville,Titcombe,Charlotte,704-169-8860,ntitcombedy@tmall.com
10673,122000,Jo,Ritmeyer,San Diego,619-439-5392,jritmeyerdz@miibeian.gov.cn
57318,122300,Beau,Kitcherside,Phoenix,602-130-0304,bkitchersidee0@w3.org
90089,616500,Mike,Seakin,Tampa,813-850-6194,mseakine1@google.com
57476,1255000,Giuseppe,Haysey,Fort Wayne,260-632-7976,ghayseye2@dyndns.org
46349,1034000,Fin,Jenik,Springfield,571-596-4130,fjenike3@cargocollective.com
94691,723600,Elyse,Rubury,Knoxville,865-138-3890,eruburye4@dot.gov
61774,1164901,Guilbert,Sedwick,Mc Keesport,412-139-0863,gsedwicke5@hc360.com
97113,1164900,Appolonia,Aaronson,Miami,305-654-5099,aaaronsone6@bandcamp.com
14248,1231600,Edmund,Piddletown,Lansing,517-228-5996,epiddletowne7@omniture.com
13871,1231700,Terrill,Josifovic,Kansas City,816-231-3110,tjosifovice8@exblog.jp
12067,714200,Madelon,Hickin,Amarillo,806-560-4501,mhickine9@alexa.com
25145,1324000,Jennica,Balmann,Saint Joseph,816-476-1285,jbalmannea@toplist.cz
2232,2546400,Luz,Ipsgrave,Newark,302-476-1633,lipsgraveeb@blogger.com
59546,1291200,Hyacintha,Coltart,San Jose,408-720-2081,hcoltartec@rakuten.co.jp
58367,2351900,Leopold,Ferrey,New York City,212-624-2608,lferreyed@telegraph.co.uk
37906,2091700,Laural,Brimble,Detroit,248-948-2704,lbrimbleee@google.nl
69933,2549000,Barde,Train,Memphis,901-142-5825,btrainef@aboutads.info
266,2204700,Brewer,Ailsbury,Pittsburgh,412-423-7102,bailsburyeg@webs.com
75414,117800,Renard,Greenhow,Bakersfield,661-357-6028,rgreenhoweh@va.gov
30941,747600,Erena,Ord,Richmond,804-214-3338,eordei@deviantart.com
58072,745700,Powell,Mocker,Kansas City,913-304-6667,pmockerej@sogou.com
14842,898100,Aurelia,Paireman,Flushing,347-880-6016,apairemanek@lycos.com
56628,745600,Reba,Ofener,Muskegon,231-353-3512,rofenerel@jugem.jp
85902,721000,Babb,Crux,Flint,810-624-4826,bcruxem@i2i.jp
94246,725800,Shawna,Glendinning,Philadelphia,215-340-8916,sglendinningen@google.ca
24749,1076800,Melina,Mariolle,Dayton,937-657-1454,mmariolleeo@webs.com
33801,722600,Bryan,MacGregor,Woburn,339-502-7961,bmacgregorep@blinklist.com
26104,721900,Adolphus,Schwanden,Orlando,407-830-1804,aschwandeneq@desdev.cn
16514,720500,Arlin,Kennler,Littleton,720-809-8399,akennlerer@nifty.com
49070,1047400,Chan,Skillicorn,Fort Pierce,772-763-6863,cskillicornes@odnoklassniki.ru
68370,2296500,Tracee,Spadeck,Evansville,812-617-7150,tspadecket@smugmug.com
96930,395200,Emmalynn,Padgham,Waco,254-357-1626,epadghameu@nymag.com
37409,1167200,Dalenna,Sinclar,Santa Barbara,805-625-9798,dsinclarev@businessweek.com
33427,123600,Linc,Jenking,Houston,281-946-3019,ljenkingew@businessweek.com
48247,1036800,Lawrence,Adlard,Escondido,760-906-4030,ladlardex@cbslocal.com
39011,123700,Therese,Matovic,Sacramento,916-930-9546,tmatovicey@accuweather.com
5026,126700,Forest,Revel,Billings,406-573-3013,frevelez@narod.ru
40573,123800,Dannie,Leming,Decatur,678-913-3873,dlemingf0@senate.gov
81465,1322000,Rosita,Aggis,Sparks,775-533-4771,raggisf1@jigsy.com
31157,123900,Georges,Antcliff,Minneapolis,612-459-0491,gantclifff2@sun.com
68497,2338700,Elyn,Ashmole,North Port,941-471-0964,eashmolef3@squidoo.com
96149,2119100,Christabella,Clampett,Oakland,415-251-4288,cclampettf4@yelp.com
81376,720400,Wilona,Trickett,Philadelphia,215-255-0752,wtrickettf5@sitemeter.com
37334,2539100,Lettie,Gullefant,San Luis Obispo,805-192-8182,lgullefantf6@admin.ch
46887,124000,Kinny,Quarry,Charlotte,704-291-6551,kquarryf7@ted.com
11335,847800,Davidde,Matterdace,York,717-846-2437,dmatterdacef8@home.pl
11381,2185800,Darcy,Ablett,Peoria,623-404-3152,dablettf9@yellowpages.com
12955,1307800,Rebekah,Clancey,Kansas City,913-950-4525,rclanceyfa@nationalgeographic.com
43131,124100,Sianna,Wycliff,Portland,503-159-7272,swyclifffb@live.com
8653,124200,Wyatt,Melloy,San Diego,619-456-5111,wmelloyfc@biblegateway.com
59216,711500,Brandice,Blondin,Hialeah,305-682-6763,bblondinfd@technorati.com
77411,2205700,Sandy,Pettegre,Corpus Christi,361-327-6199,spettegrefe@google.pl
44242,124500,Lucine,Fellgate,Fort Lauderdale,754-598-1635,lfellgateff@istockphoto.com
65649,124300,Dav,Hairon,Richmond,804-948-9770,dhaironfg@istockphoto.com
80916,124600,Shirline,Furber,Kansas City,816-261-3438,sfurberfh@dedecms.com
30443,2161800,Andriette,Eaklee,Fort Myers,239-120-3312,aeakleefi@nsw.gov.au
11338,124700,Claybourne,Ickeringill,Santa Ana,714-146-9692,cickeringillfj@fotki.com
84156,1102400,Erik,Toothill,Stockton,209-938-2943,etoothillfk@latimes.com
67292,1110900,Lion,Longhi,Oklahoma City,405-175-0954,llonghifl@narod.ru
36400,760600,Pyotr,Fideler,Las Vegas,702-299-1911,pfidelerfm@google.es
69154,1112100,Karisa,Gibby,Lafayette,765-636-2182,kgibbyfn@symantec.com
35912,1112300,Darcie,Hedger,Aurora,303-680-7534,dhedgerfo@themeforest.net
52053,809000,Thorin,Teml,Hartford,860-858-7404,ttemlfp@newsvine.com
65300,1111600,Sol,Roos,Shawnee Mission,913-148-9078,sroosfq@wikipedia.org
46786,449400,Abel,Gumey,Houston,281-385-6367,agumeyfr@jiathis.com
16300,2518400,Todd,Baccus,Tacoma,253-903-2078,tbaccusfs@discuz.net
38771,2542300,Hernando,Conyer,Seattle,206-369-0249,hconyerft@wikipedia.org
92662,1146000,Aldin,Barnewall,Merrifield,571-969-8557,abarnewallfu@admin.ch
27128,131000,Faustina,FitzAlan,San Antonio,210-809-5087,ffitzalanfv@joomla.org
26024,001120A1,Mario,Bellows,Miami,786-941-1950,mbellowsfw@imgur.com
31053,1083100,Boote,Checchi,Peoria,309-998-2943,bchecchifx@sfgate.com
93483,3043900,Missie,Tomik,Metairie,504-634-2189,mtomikfy@dailymotion.com
62452,714800,Garner,Balcon,Newport News,757-794-4767,gbalconfz@elpais.com
95681,1243600,Godard,Fernao,Las Vegas,702-102-3366,gfernaog0@oracle.com
42177,713000,Kip,Johnston,Philadelphia,215-315-9235,kjohnstong1@webs.com
4580,718700,Wilbur,Sabati,Salt Lake City,801-279-5550,wsabatig2@theguardian.com
55757,1299000,Carmina,Khristyukhin,New Bedford,508-287-9278,ckhristyukhing3@phoca.cz
87255,1287200,Marylou,Kenwood,Oklahoma City,405-319-7645,mkenwoodg4@indiegogo.com
87155,1170700,Beck,Stallen,Columbus,614-158-2778,bstalleng5@mozilla.org
74989,2591600,Jana,Nicely,Nashville,615-444-3599,jnicelyg6@dedecms.com
89917,117900,Suzi,Bastone,Fresno,559-331-8955,sbastoneg7@woothemes.com
7902,124900,Bernarr,Mullaly,New York City,718-390-9213,bmullalyg8@imdb.com
26729,1298900,Solly,McKilroe,San Antonio,210-757-7285,smckilroeg9@artisteer.com
48417,448100,Elysha,Hamblington,Scranton,570-476-9923,ehamblingtonga@xinhuanet.com
86685,125000,Mead,Stedell,Wichita,316-834-9278,mstedellgb@phpbb.com
90533,1159800,Dorry,Easseby,Tyler,903-670-0996,deassebygc@uiuc.edu
38227,125100,Lauren,Meeks,Stamford,203-925-5415,lmeeksgd@free.fr
48338,1284200,Rubi,Paulou,Phoenix,602-657-0715,rpaulouge@elpais.com
3535,125200,Georg,Laverock,Escondido,760-691-2454,glaverockgf@fema.gov
96522,793000,Hayes,Tocque,Bethlehem,267-223-7619,htocquegg@smugmug.com
56915,2138300,Arly,Flageul,Dallas,214-289-8070,aflageulgh@php.net
54314,3084000,Mildrid,Bellefonte,Buffalo,716-165-1320,mbellefontegi@posterous.com
29432,125400,Ellery,Goscar,Saint Paul,612-569-8729,egoscargj@google.ca
74477,125500,Jordanna,Cribbins,High Point,336-383-8075,jcribbinsgk@usatoday.com
26667,125600,Denny,Rispen,Fargo,701-825-4057,drispengl@seesaa.net
93337,793100,Alethea,Brandsen,Lake Charles,337-391-5231,abrandsengm@apache.org
80467,125800,Cherrita,Richarson,Saint Paul,651-997-6698,cricharsongn@reuters.com
40303,132900,Carolus,Jeffrey,Van Nuys,323-564-6527,cjeffreygo@dailymotion.com
3745,1307700,Marielle,De Rechter,Atlanta,770-628-5011,mderechtergp@dagondesign.com
82297,2184900,Latisha,Rehme,Harrisburg,717-422-5618,lrehmegq@discovery.com
97692,125900,Kendall,Scocroft,Houston,713-124-7764,kscocroftgr@bandcamp.com
96904,2549001,Hodge,Heavyside,Wichita,316-504-6640,hheavysidegs@whitehouse.gov
87668,126000,Joeann,Bye,Macon,912-128-8719,jbyegt@live.com
21099,2255600,Lee,Frobisher,Miami,786-818-3236,lfrobishergu@europa.eu
587,2059800,Manfred,Baugham,Manchester,603-237-7279,mbaughamgv@issuu.com
52342,126100,Nicky,Cordeau],Tucson,520-237-4084,ncordeaugw@linkedin.com
93682,449000,Thorvald,Matteotti,Charleston,843-380-1289,tmatteottigx@youku.com
89609,1014900,Jeffie,Skellion,Plano,972-738-8908,jskelliongy@guardian.co.uk
13927,117200,Katerina,Cockerill,Olympia,253-968-3877,kcockerillgz@about.me
20271,2304300,Kerk,Dearsley,Falls Church,571-650-2458,kdearsleyh0@wordpress.org
51430,126200,Lira,Clausen,Tampa,813-603-8740,lclausenh1@miibeian.gov.cn
19060,117300,Sigismund,Saben,San Francisco,415-133-9558,ssabenh2@amazonaws.com
93387,126800,Hedvige,Cutler,Glendale,818-698-1563,hcutlerh3@unc.edu
40741,1162600,Everett,Leah,Milwaukee,414-651-0549,eleahh4@buzzfeed.com
48269,1298400,Giff,Kopke,Arlington,571-407-6171,gkopkeh5@thetimes.co.uk
92026,128400,Hugues,Paddefield,Gainesville,404-372-6983,hpaddefieldh6@go.com
67401,1044100,Evy,Bottrell,Lexington,859-561-2121,ebottrellh7@zimbio.com
90098,132200,Tova,Hanney,Cincinnati,513-405-4341,thanneyh8@apache.org
73304,118500,Berget,Tolliday,Saginaw,989-936-6001,btollidayh9@ycombinator.com
57930,720300,Cristen,Lyptrit,Oklahoma City,405-142-3396,clyptritha@sogou.com
58336,1309500,Arnuad,Buncher,Phoenix,623-845-1892,abuncherhb@sogou.com
77853,126900,Bidget,Riden,Oklahoma City,405-355-6764,bridenhc@tinypic.com
84820,127000,Jillana,Waltering,Tempe,602-780-7596,jwalteringhd@unc.edu
29255,1294200,Dahlia,Reynolds,Allentown,610-716-0154,dreynoldshe@4shared.com
20423,1287300,Jewelle,Bending,Memphis,901-654-5958,jbendinghf@shinystat.com
79880,3109500,Carlita,Kemer,Lynn,781-523-5558,ckemerhg@google.ca
72113,123300,Ana,Sigars,Saint Petersburg,727-857-4397,asigarshh@dagondesign.com
68100,891800,Godart,Ateggart,Baton Rouge,225-103-5692,gateggarthi@hostgator.com
10740,129900,Letti,Surgen,Charlotte,704-903-2867,lsurgenhj@columbia.edu
25220,2619300,Laura,Redon,Kansas City,816-133-4027,lredonhk@state.tx.us
21070,701200,Donnell,Wegner,Crawfordsville,765-766-2734,dwegnerhl@moonfruit.com
34496,127300,Roland,Alliston,Honolulu,808-358-7523,rallistonhm@umn.edu
43050,2208700,Prescott,Bointon,Oakland,510-766-7276,pbointonhn@ted.com
30460,127500,Bonny,Houndesome,Dayton,937-317-5112,bhoundesomeho@java.com
70244,1182000,My,Brodeau,Alhambra,626-199-1833,mbrodeauhp@huffingtonpost.com
9907,115100,Lucretia,Pardew,Austin,512-563-4235,lpardewhq@china.com.cn
49237,1039500,Samantha,Pirazzi,Washington,202-771-0907,spirazzihr@rambler.ru
67819,394800,Bing,Lamey,Dallas,972-590-2403,blameyhs@wunderground.com
69941,127800,Christiano,Harower,Detroit,248-156-9431,charowerht@salon.com
43204,115400,Reilly,Mechic,Omaha,402-444-3975,rmechichu@netlog.com
56630,127900,Reilly,Perllman,Philadelphia,610-338-9825,rperllmanhv@lulu.com
64691,132500,Adoree,Piatkow,Toledo,419-848-3594,apiatkowhw@sitemeter.com
14212,2141900,Corella,Lorden,Odessa,432-490-3052,clordenhx@over-blog.com
41565,2500000,Llywellyn,Clemencon,Mobile,251-367-1349,lclemenconhy@vimeo.com
24743,128000,Maud,Zuenelli,Wilmington,302-882-4212,mzuenellihz@freewebs.com
52998,2120700,Nell,Gyppes,El Paso,915-148-1510,ngyppesi0@feedburner.com
3194,2313500,Giulietta,Condon,Minneapolis,651-404-1533,gcondoni1@geocities.com
39790,128100,Roxi,Sherebrook,Naples,239-678-7877,rsherebrooki2@cnbc.com
79217,128200,Meg,Grieswood,Lakeland,863-525-6321,mgrieswoodi3@about.me
83190,115500,Adelice,Anglish,Spokane,509-172-8879,aanglishi4@blogtalkradio.com
96991,118100,Jaymie,Stoffels,Port Washington,516-711-6160,jstoffelsi5@yellowbook.com
10134,1011800,Teresita,Gorusso,Saint Paul,651-468-7290,tgorussoi6@parallels.com
27309,2577900,Fowler,Wherry,Wichita,316-279-7584,fwherryi7@barnesandnoble.com
97672,3072700,Kirstin,Hessle,Provo,801-760-8578,khesslei8@fotki.com
99128,2578000,Tanny,Gowland,College Station,979-116-6064,tgowlandi9@csmonitor.com
77450,128500,Dell,Boldock,Oklahoma City,405-108-7416,dboldockia@opera.com
36749,132600,Aeriel,Wegenen,Las Vegas,702-809-9717,awegenenib@netvibes.com
66624,2057800,Dulcy,Vassie,Jacksonville,904-995-6552,dvassieic@patch.com
11348,128600,Mick,Rozsa,Mobile,251-117-3686,mrozsaid@kickstarter.com
40067,128700,Audy,Bachnic,Canton,330-555-9396,abachnicie@blogger.com
94906,1112200,Fletcher,Howen,Sacramento,916-128-4570,fhowenif@wunderground.com
94378,2120600,Saul,Bent,El Paso,915-491-0899,sbentig@jimdo.com
9920,919800,Desdemona,Credland,North Little Rock,501-856-0432,dcredlandih@homestead.com
88882,117400,Averil,Andrasch,Nashville,615-368-3477,aandraschii@dailymail.co.uk
16408,719000,Merilyn,Poyle,Houston,713-634-6758,mpoyleij@about.me
3471,118600,Sal,Quidenham,Bethlehem,610-606-4587,squidenhamik@freewebs.com
63753,128900,Raynell,Kiddell,Grand Rapids,616-282-2948,rkiddellil@harvard.edu
61732,129000,Analiese,Oughton,San Diego,619-869-8710,aoughtonim@constantcontact.com
99225,2064300,Emmett,Yearby,Young America,952-657-7108,eyearbyin@oakley.com
57243,2599900,Gav,Glasscott,Des Moines,515-109-1384,gglasscottio@privacy.gov.au
46047,2188400,Verge,Flippelli,Riverside,951-532-5509,vflippelliip@unicef.org
8170,129100,Nils,Benedtti,Saint Louis,314-306-5199,nbenedttiiq@behance.net
85622,118700,Etheline,Woolam,Columbus,706-770-2572,ewoolamir@mit.edu
23702,950900,Jodi,Bariball,Memphis,901-318-0823,jbariballis@studiopress.com
95074,771300,Diena,Stutte,Littleton,720-430-4298,dstutteit@sina.com.cn
41661,127200,Homer,Keese,Sacramento,916-818-8474,hkeeseiu@desdev.cn
22345,127700,Romain,Huyghe,Phoenix,602-504-5842,rhuygheiv@ebay.com
83403,130200,Isidora,Wren,Lexington,859-360-7337,iwreniw@abc.net.au
81439,129200,Pearla,Biggar,Dallas,214-329-0158,pbiggarix@dell.com
1216,115600,Lewiss,Mocker,Fort Worth,817-339-9545,lmockeriy@mediafire.com
52230,2608900,Leonore,Broadey,Pasadena,626-375-7192,lbroadeyiz@infoseek.co.jp
67235,2597300,Ulrica,Skough,Hollywood,305-709-2977,uskoughj0@opera.com
74449,2277400,Jen,Tyers,Akron,234-422-0683,jtyersj1@etsy.com
6179,129300,Cathyleen,Doldon,Cincinnati,513-805-7720,cdoldonj2@cnbc.com
34677,807100,Bailie,Tavinor,Nashville,615-119-0342,btavinorj3@tinypic.com
38623,129400,Antoni,Semechik,Austin,512-381-6795,asemechikj4@disqus.com
92180,129901,Raymund,Breitler,Duluth,218-710-1933,rbreitlerj5@scribd.com
50648,408000,Filmore,Seeler,Warren,330-214-4775,fseelerj6@typepad.com
53994,123000,Ram,Tuddall,Merrifield,571-309-5696,rtuddallj7@accuweather.com
40601,2075800,Tallulah,Shurlock,Anaheim,626-885-7187,tshurlockj8@usatoday.com
29009,132800,Christiana,MacSharry,Kansas City,816-667-7537,cmacsharryj9@dropbox.com
63907,129500,Anna,Coate,Montgomery,334-886-8361,acoateja@furl.net
19273,130900,Lemuel,Huntly,Austin,512-380-7333,lhuntlyjb@skyrock.com
75835,128800,Malena,Durno,Des Moines,515-701-1349,mdurnojc@baidu.com
83429,2358000,George,Profit,Wilmington,302-648-1396,gprofitjd@live.com
84894,2054900,Sissie,Jeffreys,Conroe,936-633-3159,sjeffreysje@army.mil
90688,792600,Rainer,Cohan,Champaign,217-346-6151,rcohanjf@hhs.gov
36693,2359200,Brander,Mewett,Fresno,559-179-9923,bmewettjg@nytimes.com
60674,2497300,Palm,Alfonsetto,Redwood City,650-786-6393,palfonsettojh@devhub.com
29379,2580700,Daryl,Dedney,Sioux Falls,605-486-2349,ddedneyji@jimdo.com
95160,1092303,Dredi,Newlin,New Orleans,504-467-5060,dnewlinjj@shinystat.com
46448,1294000,Margaret,Lere,Tulsa,918-385-4735,mlerejk@wp.com
43902,2559300,Darren,Style,Norfolk,757-713-8794,dstylejl@hubpages.com
71352,853700,Lorraine,Carefull,Los Angeles,323-899-6201,lcarefulljm@hostgator.com
90556,1244601,Omero,Hamill,Winston Salem,336-248-1369,ohamilljn@yellowbook.com
35935,115800,Thain,Piniur,Chicago,312-412-0693,tpiniurjo@mit.edu
93757,760700,Jessee,Spehr,Lake Charles,337-960-9023,jspehrjp@fema.gov
52948,989000,Izabel,Mounfield,Toledo,419-715-5315,imounfieldjq@examiner.com
24716,133400,Carrissa,Goodacre,Topeka,785-859-2768,cgoodacrejr@globo.com
25312,2128200,Edgar,Aldritt,Atlanta,404-563-1951,ealdrittjs@ox.ac.uk
55300,133500,L;urette,Antunes,Virginia Beach,757-412-6765,lantunesjt@imgur.com
40265,2242700,Valeda,Lewton,Boston,617-682-3751,vlewtonju@home.pl
18238,2504200,Ivy,Chatenier,Stamford,203-186-1814,ichatenierjv@howstuffworks.com
79488,429700,Sallie,Pavel,Birmingham,205-953-0351,spaveljw@apache.org
24787,2061700,Curcio,Thews,Chula Vista,619-703-3955,cthewsjx@bluehost.com
1051,117600,Rosemarie,Baggallay,Boise,208-811-1578,rbaggallayjy@disqus.com
75750,859600,Clarette,Rittelmeyer,San Jose,408-321-4147,crittelmeyerjz@marketwatch.com
41300,2052300,Lynnea,Pfertner,Waterbury,203-201-8084,lpfertnerk0@harvard.edu
60591,133800,Yorgo,Sandry,Independence,816-319-9443,ysandryk1@tinypic.com
21967,1057900,Lauri,Doggerell,Baltimore,410-555-6315,ldoggerellk2@businessweek.com
97682,2318000,Mickey,Chapling,Washington,202-906-0174,mchaplingk3@multiply.com
34816,974800,Inga,De Francesco,Eugene,541-763-6511,idefrancescok4@washington.edu
60983,2276800,Scarface,Davidowich,Los Angeles,562-778-7715,sdavidowichk5@purevolume.com
70606,134100,Donall,Edger,Carol Stream,309-867-4949,dedgerk6@infoseek.co.jp
66036,134200,Kerwinn,Garfath,Arlington,571-169-7444,kgarfathk7@blinklist.com
37200,134300,Arnold,Clacson,Loretto,763-409-6112,aclacsonk8@yale.edu
94741,884600,Marcela,Edmands,Tacoma,253-874-2312,medmandsk9@dot.gov
26198,1083200,Nalani,Gleave,Tallahassee,850-708-7350,ngleaveka@1und1.de
42839,1085400,Schuyler,Bratten,Sacramento,916-406-2196,sbrattenkb@creativecommons.org
25341,2262400,Bobbi,Dadds,Sacramento,916-900-4971,bdaddskc@gov.uk
59910,134400,Theobald,Sturridge,Charleston,843-494-4278,tsturridgekd@mashable.com
55219,2165200,Sam,Babin,Oklahoma City,405-506-4978,sbabinke@csmonitor.com
69133,134500,Roxane,Overthrow,Bradenton,941-622-7915,roverthrowkf@1und1.de
54628,758200,Logan,McCrum,Dallas,214-531-6991,lmccrumkg@mashable.com
39961,2059400,Cris,Tinline,Pensacola,850-443-9524,ctinlinekh@sfgate.com
21187,134600,Iormina,Cogman,Huntsville,256-565-0287,icogmanki@wikimedia.org
81018,1267000,Wynny,Keveren,Salinas,831-951-4249,wkeverenkj@sun.com
64946,617500,Daria,Frayn,Houston,281-390-0869,dfraynkk@godaddy.com
7762,450300,Raye,Choak,Scranton,570-336-8902,rchoakkl@soup.io
25655,3013100,Gwendolin,Bendelow,Melbourne,321-280-1398,gbendelowkm@sphinn.com
53318,674000,Damita,Insoll,Dallas,469-455-9158,dinsollkn@virginia.edu
27879,450800,Kristen,Sly,Birmingham,205-281-1785,kslyko@baidu.com
67775,450900,Harlie,Lemar,Charleston,304-555-3491,hlemarkp@illinois.edu
34176,729700,Leonhard,Karpe,Denton,682-634-0201,lkarpekq@360.cn
7790,137000,Ruperto,Skone,Washington,202-241-5617,rskonekr@cloudflare.com
24656,940100,Brewster,Marklow,Reading,610-634-1004,bmarklowks@pagesperso-orange.fr
43342,134700,Corinna,Howle,Atlanta,404-229-6465,chowlekt@fastcompany.com
53003,887100,Marge,Kun,Atlanta,404-678-1031,mkunku@bigcartel.com
82545,2078900,Jordanna,Bullar,Des Moines,515-282-8547,jbullarkv@oakley.com
3180,450600,Gabi,Guslon,El Paso,915-633-0582,gguslonkw@photobucket.com
4761,135900,Rhys,Sharpless,Bellevue,425-835-6572,rsharplesskx@answers.com
10115,134800,Luci,Hatherleigh,Chicago,312-860-7599,lhatherleighky@census.gov
22678,1157200,Arlina,Tibb,Johnstown,814-280-5983,atibbkz@deviantart.com
59298,3027800,Thalia,Semrad,Las Vegas,702-735-1145,tsemradl0@europa.eu
77757,135000,Melony,Sorsby,Hartford,860-877-5895,msorsbyl1@chronoengine.com
27680,1014800,Dorie,Klimas,Newton,781-504-6755,dklimasl2@ovh.net
97060,1070900,Agace,Whild,El Paso,915-851-9747,awhildl3@cmu.edu
83761,2276900,Royal,Rubertelli,Waterbury,203-133-5602,rrubertellil4@squarespace.com
33280,2594300,Washington,O'Daly,Dallas,214-466-3044,wodalyl5@i2i.jp
43851,2156200,Ilka,Mobley,Milwaukee,414-571-7912,imobleyl6@disqus.com
98541,2188700,Brew,Coase,Austin,512-274-8997,bcoasel7@wiley.com
14499,954200,Zea,Gasgarth,Kansas City,816-489-1966,zgasgarthl8@virginia.edu
36978,754700,Evelyn,Dawks,Peoria,309-142-4424,edawksl9@stumbleupon.com
24963,135200,Theo,Stelfox,Pittsburgh,412-740-5532,tstelfoxla@addthis.com
22442,754800,Alasdair,Tole,Washington,202-756-3202,atolelb@lycos.com
5980,764800,Welch,Fetherstonhaugh,Rochester,315-512-8365,wfetherstonhaughlc@studiopress.com
69634,137100,Maiga,Lilliman,Myrtle Beach,843-457-1000,mlillimanld@cmu.edu
23457,2253701,Felice,Balog,Boise,208-149-9608,fbalogle@umn.edu
84167,559600,Enriqueta,Pountney,New York City,718-675-8346,epountneylf@cbsnews.com
82085,135300,Kata,Culver,Houston,281-469-5112,kculverlg@wiley.com
96500,793300,Alyson,Rowson,Jacksonville,904-812-2848,arowsonlh@sfgate.com
76048,2267500,Hogan,Bourhill,Killeen,254-581-0545,hbourhillli@de.vu
47378,2518500,Silva,Shanahan,Scranton,570-568-7575,sshanahanlj@jiathis.com
20314,135400,Alikee,Seabrook,Mobile,251-551-8491,aseabrooklk@netscape.com
39070,1285000,Sydney,Latek,Syracuse,315-453-4290,slatekll@wordpress.org
52907,135500,Halley,Bankes,Tacoma,253-643-6845,hbankeslm@google.co.jp
44553,135800,Fredericka,Eilles,Washington,202-650-2968,feillesln@marriott.com
7377,136000,Guillema,Antosik,Battle Creek,269-461-9411,gantosiklo@wsj.com
68354,2162900,Sonny,Goning,Saint Petersburg,727-312-6371,sgoninglp@princeton.edu
61248,998100,Davina,De Laci,Evansville,812-837-5800,ddelacilq@themeforest.net
7235,2117500,Iago,Ruck,Anchorage,907-515-7963,irucklr@elpais.com
27912,405702,Devonna,Coat,Sioux Falls,605-886-7909,dcoatls@nytimes.com
69368,405703,Keefer,Commusso,Peoria,309-674-6586,kcommussolt@google.pl
8842,1300700,Perl,Francesc,Brooklyn,212-933-0368,pfrancesclu@google.de
16230,136100,Othello,Shepherdson,Fargo,701-274-9444,oshepherdsonlv@cnbc.com
91918,134900,Trstram,Walicki,Apache Junction,480-433-0566,twalickilw@hubpages.com
31197,136200,Tiffany,Eidelman,El Paso,915-898-4364,teidelmanlx@dion.ne.jp
78789,450700,Gery,Messum,Houston,713-193-9764,gmessumly@japanpost.jp
31404,889600,Celisse,Handasyde,El Paso,915-691-9438,chandasydelz@baidu.com
30155,863500,Henri,Knowles,Washington,202-989-6628,hknowlesm0@tinypic.com
97365,433500,Delly,Oseman,Greensboro,336-916-0328,dosemanm1@gnu.org
59114,2116300,Damon,Blasik,Bronx,718-496-0903,dblasikm2@purevolume.com
38021,954300,Evvie,Blitzer,Cincinnati,513-797-4335,eblitzerm3@mit.edu
80233,136300,Shelden,Clawe,San Francisco,415-427-4823,sclawem4@delicious.com
1989,764900,Edeline,Dunley,Norfolk,757-465-4369,edunleym5@howstuffworks.com
76490,2318100,Gar,Guisot,Mobile,251-161-2800,gguisotm6@nhs.uk
50051,1073200,Roxie,Prise,Brooklyn,212-397-8725,rprisem7@opera.com
84413,136801,Sig,Duffin,Phoenix,480-160-2649,sduffinm8@google.de
61102,136500,Luci,Uglow,Durham,919-179-0806,luglowm9@dagondesign.com
58543,1287500,Drucy,Powter,San Jose,408-876-0400,dpowterma@wsj.com
28418,2253700,Lucine,Seaking,Oakland,510-421-4242,lseakingmb@who.int
59408,3066900,Keir,Donovin,San Antonio,210-785-5060,kdonovinmc@unc.edu
48599,2141100,Tanhya,Guerrier,Huntsville,256-369-8247,tguerriermd@github.com
645,136800,Marga,Illes,Olympia,360-410-9907,millesme@purevolume.com
96043,136900,Nanette,Gately,Evansville,812-380-3190,ngatelymf@liveinternet.ru
91256,2160600,Sue,Bowsher,Portland,971-673-8086,sbowshermg@hao123.com
13185,137200,Sally,Deviney,El Paso,915-894-7856,sdevineymh@behance.net
89662,137400,Baxie,Teall,Long Beach,310-544-2874,bteallmi@globo.com
85825,887300,Kata,Pennetti,New York City,718-903-1222,kpennettimj@ucoz.ru
27734,1115000,Lindi,De Vries,Omaha,402-779-5120,ldevriesmk@edublogs.org
44577,2512400,Genovera,Hawkridge,Flushing,917-763-3958,ghawkridgeml@google.pl
27170,2074000,Coop,Smetoun,Edmond,405-752-7891,csmetounmm@youku.com
64098,940700,Richmond,Naisbit,Gastonia,704-668-0483,rnaisbitmn@cpanel.net
8511,618100,Angeli,Dykas,Lubbock,806-630-6941,adykasmo@free.fr
98536,141600,Dedie,Handforth,Columbia,803-385-5177,dhandforthmp@netlog.com
85152,2115100,Isaiah,Chaney,Albuquerque,505-640-6272,ichaneymq@who.int
31830,137800,Alfredo,Gebhardt,Long Beach,562-973-3574,agebhardtmr@bbc.co.uk
67345,1088700,Niven,Bennen,Albuquerque,505-267-2442,nbennenms@archive.org
88353,2316600,Lilah,McBlain,Tampa,813-586-6987,lmcblainmt@reverbnation.com
92890,137900,Jessalyn,Shimon,Charlotte,704-562-5328,jshimonmu@ft.com
76044,1041700,Rhett,McKinn,Richmond,804-933-4595,rmckinnmv@nationalgeographic.com
90483,730500,Dee,Fanthome,Washington,202-636-9357,dfanthomemw@pcworld.com
78569,141700,Rebbecca,Bottleson,Huntington,304-492-0696,rbottlesonmx@cnbc.com
95779,2244900,Gav,Spight,Evansville,812-740-7384,gspightmy@wikispaces.com
81857,2228800,Sadella,Marden,Sparks,775-796-7016,smardenmz@google.co.uk
90842,142500,Selina,Rhydderch,Hartford,860-672-3512,srhydderchn0@nytimes.com
48116,138500,Mac,Ubsdell,Fort Smith,479-104-2263,mubsdelln1@time.com
28473,2112700,Clywd,Ingliss,New York City,646-579-5553,cinglissn2@miibeian.gov.cn
6276,763500,Laird,Chiplen,Colorado Springs,719-662-6741,lchiplenn3@php.net
17898,280400,Daniel,Waterson,Eugene,541-467-4919,dwatersonn4@bluehost.com
40862,906500,Lindy,Blucher,Saint Paul,612-738-8375,lbluchern5@craigslist.org
92295,2106600,Lilllie,Hussy,Boise,208-545-1491,lhussyn6@de.vu
25230,138700,Irma,Conningham,El Paso,915-999-5664,iconninghamn7@shutterfly.com
9647,142200,Carol-jean,O' Clovan,Melbourne,321-477-4368,coclovann8@webmd.com
66788,138900,Colleen,Dakin,Brooklyn,347-760-2300,cdakinn9@google.fr
61148,451300,Kathrine,Mayor,London,606-680-0868,kmayorna@army.mil
49777,2143800,Lindon,Jennrich,Raleigh,919-211-7030,ljennrichnb@google.cn
40462,1287700,Caryl,Aisman,Jacksonville,904-811-9613,caismannc@skyrock.com
8760,1291300,Gottfried,Avramov,Las Cruces,505-456-1753,gavramovnd@mlb.com
97591,2139400,Ansley,Locarno,Gaithersburg,240-763-0878,alocarnone@oaic.gov.au
71933,3079400,Cornelia,Meak,Vero Beach,772-464-9539,cmeaknf@rakuten.co.jp
19571,139200,Farand,Gennings,Pittsburgh,724-181-9457,fgenningsng@miitbeian.gov.cn
70914,698200,Issie,McIlheran,Yonkers,914-948-2945,imcilherannh@smugmug.com
5527,803800,Carny,Benedidick,Buffalo,716-426-6835,cbenedidickni@ca.gov
49624,139300,Chiquita,Doog,Pensacola,850-745-5489,cdoognj@altervista.org
13577,976500,Rustin,Guirard,Corpus Christi,361-901-9722,rguirardnk@360.cn
67223,139400,Joanie,Gregorio,Waterbury,203-514-0376,jgregorionl@omniture.com
24644,1278000,Leslie,Kelway,Spokane,509-281-0758,lkelwaynm@cbc.ca
18884,887200,Lockwood,Fernando,Sacramento,916-919-8475,lfernandonn@wisc.edu
43098,887600,Madelle,Mournian,Providence,401-362-4469,mmournianno@cbslocal.com
30744,730300,Ramsay,Grennan,Jamaica,917-125-6820,rgrennannp@mlb.com
65833,2202500,Anthea,Carlton,New Orleans,504-578-0377,acarltonnq@cargocollective.com
30416,139700,Raychel,Liebermann,Yonkers,914-212-4139,rliebermannnr@feedburner.com
91187,1296600,Magdalena,Ridge,Mesa,480-192-6477,mridgens@histats.com
75907,2112300,Vikki,MacFall,Kissimmee,407-622-5908,vmacfallnt@behance.net
19497,139900,Jayne,Deller,Los Angeles,213-969-2050,jdellernu@apache.org
36631,139800,Nedda,Itzkovsky,Lancaster,661-649-6337,nitzkovskynv@jalbum.net
33914,618600,Nixie,Hellyar,Louisville,502-766-4225,nhellyarnw@facebook.com
85715,745900,Barnabas,Mahaddie,Olympia,360-128-6941,bmahaddienx@so-net.ne.jp
32166,887400,Humphrey,Rountree,Apache Junction,480-143-1383,hrountreeny@google.com
11423,1077904,Mandi,Dickons,Kansas City,816-500-6864,mdickonsnz@mail.ru
89517,1077903,Nanine,Aldwich,Pompano Beach,754-152-2768,naldwicho0@dropbox.com
19966,1077902,Eba,McKirton,Anniston,256-417-4723,emckirtono1@stanford.edu
84528,1077900,Douglas,Jostan,Muskegon,231-118-1610,djostano2@tiny.cc
6318,140100,Andras,McHaffy,Fort Worth,682-121-9915,amchaffyo3@dell.com
29312,2134400,Garwood,Lucas,Tuscaloosa,205-954-9681,glucaso4@discuz.net
42349,1053000,Forrester,Pettus,Miami,786-180-1866,fpettuso5@taobao.com
23002,140200,Malena,Meeny,Jacksonville,904-183-8731,mmeenyo6@netlog.com
45146,2077700,Fanni,McClifferty,Lehigh Acres,239-772-9805,fmccliffertyo7@weather.com
32841,140300,Bobbe,Frodsham,Oakland,510-739-7888,bfrodshamo8@alibaba.com
27484,618900,Ruddy,Dancer,Loretto,763-812-1634,rdancero9@twitpic.com
67468,140900,Abagael,Jurkowski,Clearwater,727-998-9196,ajurkowskioa@imageshack.us
55057,1228900,Clea,Cardnell,Durham,919-717-7215,ccardnellob@boston.com
31585,803700,Shandie,Routley,Cleveland,216-715-0666,sroutleyoc@github.io
97610,619100,Winnie,Huc,Palo Alto,650-859-5583,whucod@ycombinator.com
47661,140600,Barn,Di Francesco,Honolulu,808-176-3960,bdifrancescooe@microsoft.com
72315,1242500,Catherine,Siggee,Boston,617-456-3371,csiggeeof@skyrock.com
21467,2228801,Lennard,Rough,New York City,212-897-3416,lroughog@constantcontact.com
31558,2546000,Allianora,Sawood,Kent,360-707-5472,asawoodoh@domainmarket.com
41569,141400,Morissa,Clayton,Port Saint Lucie,772-753-2102,mclaytonoi@virginia.edu
42556,976400,Tades,Schaben,Miami,305-113-1890,tschabenoj@mac.com
59524,141500,Leonore,Izchaki,Atlanta,404-847-7213,lizchakiok@ox.ac.uk
19448,971600,Belia,Derle,Green Bay,920-845-3088,bderleol@edublogs.org
67938,142400,Isa,Burden,Peoria,309-885-4079,iburdenom@wikispaces.com
15412,138000,Quintin,Drysdall,Seminole,941-846-7560,qdrysdallon@networkadvertising.org
55679,2296100,Boyce,McMackin,Sarasota,941-525-6151,bmcmackinoo@wix.com
13453,142600,Jacques,Vokins,Saint Petersburg,727-753-8490,jvokinsop@cargocollective.com
65862,2125200,Rich,Ossenna,El Paso,915-214-0300,rossennaoq@phpbb.com
17398,3025800,Rabbi,Muzzi,El Paso,915-648-4516,rmuzzior@wix.com
7700,705300,Ewell,MacCartair,Honolulu,808-173-4413,emaccartairos@mapquest.com
91955,1172700,Rooney,Tittershill,Cedar Rapids,319-711-1684,rtittershillot@kickstarter.com
62523,2144900,Giovanni,Langston,Phoenix,602-180-8884,glangstonou@mozilla.com
5671,142800,Stirling,Neljes,Washington,202-774-9977,sneljesov@sohu.com
28399,143100,Norbie,Petche,Montgomery,334-394-1694,npetcheow@shinystat.com
19344,142900,Pedro,Wogden,Sacramento,916-374-9007,pwogdenox@wikimedia.org
71527,2190400,Estella,Himsworth,Las Vegas,702-426-1232,ehimsworthoy@is.gd
48715,143300,Cindee,Aukland,Aurora,720-227-6380,cauklandoz@pcworld.com
5482,794800,Tobye,Searl,San Diego,619-113-4704,tsearlp0@miitbeian.gov.cn
83080,143400,Maurine,Arnaldi,San Diego,858-904-1653,marnaldip1@mashable.com
14977,143700,Kiley,Stallion,Canton,330-947-4244,kstallionp2@statcounter.com
70203,1195000,Care,Reichartz,Evansville,812-265-7084,creichartzp3@stanford.edu
77622,1202900,Edythe,Obert,New York City,212-898-7121,eobertp4@thetimes.co.uk
19042,13138000,Mal,Kordovani,Springfield,937-629-3802,mkordovanip5@weibo.com
8710,144100,Powell,Yablsley,Saint Paul,651-735-8339,pyablsleyp6@surveymonkey.com
69037,144300,Rosalynd,I'anson,Glendale,602-851-7631,riansonp7@so-net.ne.jp
9441,144400,Caro,Frail,Los Angeles,213-430-6138,cfrailp8@blogs.com
23165,144500,Robbie,Babalola,Hampton,757-329-0819,rbabalolap9@hhs.gov
26775,1266500,Ally,Bradder,Grand Junction,970-900-6879,abradderpa@feedburner.com
45214,144800,Kevin,Fudge,Richmond,804-206-6538,kfudgepb@chicagotribune.com
79414,2279200,Myer,Dickons,Philadelphia,215-661-7948,mdickonspc@webmd.com
15919,145200,Ogdon,Sprosson,Sacramento,916-290-0928,osprossonpd@twitter.com
12596,2588900,Stoddard,Garmons,Saint Louis,314-493-7867,sgarmonspe@prweb.com
50175,145600,Antony,Morfett,Chattanooga,423-584-5797,amorfettpf@etsy.com
67731,145900,Lutero,Dell 'Orto,Washington,202-943-3762,ldellortopg@hc360.com
36716,2132800,Kirbee,McAleese,Bradenton,941-418-8579,kmcaleeseph@jugem.jp
78210,146000,Vilhelmina,Sibun,Fresno,559-507-5563,vsibunpi@google.nl
17248,2204400,Dawn,Gregoire,Anchorage,907-675-1709,dgregoirepj@free.fr
8890,146400,Cherice,Pietrusiak,Richmond,804-349-0254,cpietrusiakpk@usda.gov
97023,2346200,Lib,De Francesco,Austin,512-987-7886,ldefrancescopl@msn.com
56203,1019500,Isa,Ankers,Arlington,571-509-0990,iankerspm@marriott.com
51732,1226300,Angeli,Crippes,Cincinnati,513-999-4208,acrippespn@biblegateway.com
82361,2159600,Milka,Halliburton,Jacksonville,904-269-4865,mhalliburtonpo@timesonline.co.uk
29839,146600,Kathi,Piggford,Tucson,520-915-3492,kpiggfordpp@sciencedaily.com
58770,1112700,Carie,Bangham,Washington,202-133-8556,cbanghampq@networkadvertising.org
32324,2517200,Sharleen,Musso,Winston Salem,336-955-7763,smussopr@yellowpages.com
81133,146700,Bridgette,Lovel,Nashville,615-780-9528,blovelps@privacy.gov.au
6734,150500,Odell,MacIlurick,Los Angeles,213-465-0604,omacilurickpt@cdbaby.com
77017,2200100,Jillie,Kerrey,Trenton,609-626-8081,jkerreypu@hp.com
71158,147000,Regine,Gwatkins,Tulsa,918-424-2866,rgwatkinspv@google.com
34383,150000,Ronny,Landsbury,Portland,971-948-6186,rlandsburypw@comcast.net
35523,2245500,Dulciana,de Clerk,Los Angeles,310-705-7016,ddeclerkpx@cafepress.com
25168,1072401,Meredith,Varran,Miami,305-418-4310,mvarranpy@redcross.org
54534,147100,Sigfrid,Amsden,Alhambra,626-348-2238,samsdenpz@cloudflare.com
15903,2156700,Amelina,Kubis,Terre Haute,812-701-7997,akubisq0@quantcast.com
29912,395400,Matteo,Wegenen,Omaha,402-274-2464,mwegenenq1@va.gov
51259,2297000,Aube,Luna,Madison,608-596-7850,alunaq2@toplist.cz
26763,147200,Inness,Aronowitz,Youngstown,330-166-7181,iaronowitzq3@businesswire.com
46201,147300,Paddie,Crampsy,Rockford,815-929-3707,pcrampsyq4@cisco.com
53101,2142500,Fredrika,Sugg,Clearwater,727-766-5200,fsuggq5@about.me
4022,1323400,Gallagher,Challens,Lehigh Acres,863-770-4282,gchallensq6@altervista.org
71575,2614600,Mahala,Beverstock,Carol Stream,309-532-3391,mbeverstockq7@wisc.edu
76243,147500,Ethelyn,Rigler,Albuquerque,505-795-0176,eriglerq8@parallels.com
90880,1303904,Bear,Toupe,Macon,478-959-7106,btoupeq9@imageshack.us
19797,148700,Sandie,Martinson,Ogden,801-742-8143,smartinsonqa@princeton.edu
9665,147700,Rodrigo,Gillespie,Colorado Springs,719-836-7567,rgillespieqb@theguardian.com
33913,147800,Imojean,Donet,Edmond,405-424-8894,idonetqc@marketwatch.com
69755,147900,Vitoria,Privett,Erie,814-756-3301,vprivettqd@uiuc.edu
667,148000,Kerrie,Piggott,Fort Worth,682-854-1996,kpiggottqe@nature.com
28936,148100,Gertrud,Cella,Houston,713-668-8846,gcellaqf@creativecommons.org
47063,148400,Tess,Winser,Las Vegas,702-255-4199,twinserqg@cocolog-nifty.com
20861,789300,Abbie,Kielt,Oklahoma City,405-806-5265,akieltqh@discovery.com
32424,848300,Karlen,Paty,Tucson,520-841-8828,kpatyqi@shutterfly.com
65510,148200,Paxton,Poag,Washington,202-322-8949,ppoagqj@etsy.com
51007,2569900,Tobit,Siddaley,New Orleans,504-741-3519,tsiddaleyqk@ask.com
72346,2569901,Aurea,Landrean,Oklahoma City,405-963-6764,alandreanql@sciencedirect.com
46276,2089600,Ansel,Schlagman,Seattle,206-193-5929,aschlagmanqm@fc2.com
99128,2275100,Viole,Gallelli,Hamilton,937-557-6958,vgallelliqn@joomla.org
27970,2172700,Phebe,Lamberteschi,Harrisburg,717-582-1553,plamberteschiqo@scribd.com
50383,3115500,Octavius,Shearmur,Charlotte,704-861-3246,oshearmurqp@goo.gl
23369,146900,Karlis,Kment,Knoxville,865-354-9427,kkmentqq@google.com.br
93614,2329900,Virgina,Szachniewicz,Baton Rouge,225-193-1384,vszachniewiczqr@domainmarket.com
65419,963500,Bucky,Mohun,Cincinnati,513-823-0479,bmohunqs@sciencedirect.com
9487,148500,Lothario,Bagnal,Scranton,570-422-2791,lbagnalqt@cyberchimps.com
31647,148600,Magdalena,Druitt,Oakland,510-671-5828,mdruittqu@illinois.edu
66023,2305800,Liesa,Glancey,Orlando,407-439-1393,lglanceyqv@prlog.org
26855,2346300,Sari,McParlin,Nashville,615-679-6054,smcparlinqw@google.ru
16612,148800,Lisle,Chicchelli,Kansas City,913-809-2266,lchicchelliqx@chron.com
7979,148900,Osgood,Learman,Los Angeles,310-790-8633,olearmanqy@freewebs.com
67130,2218700,Luis,Turri,Orlando,407-139-4050,lturriqz@theguardian.com
49434,2598200,Sandy,Korf,Washington,202-651-1651,skorfr0@mapquest.com
81094,153500,Liuka,Burde,Birmingham,205-393-8187,lburder1@goodreads.com
75333,814600,Raynor,Hablot,Atlanta,404-537-8778,rhablotr2@npr.org
65566,2338400,Lillis,Wrigglesworth,San Diego,760-704-0764,lwrigglesworthr3@xinhuanet.com
66081,2362100,Darrin,Skirvane,Vero Beach,772-264-5686,dskirvaner4@odnoklassniki.ru
96873,2307400,Arleyne,Gianelli,Maple Plain,763-568-2798,agianellir5@harvard.edu
90737,3079800,Shanon,Barrett,Baltimore,410-979-0378,sbarrettr6@tuttocitta.it
63360,149000,Josefa,Poynzer,Merrifield,571-373-5154,jpoynzerr7@globo.com
26380,2325100,Maureen,Quelch,Zephyrhills,813-325-0786,mquelchr8@narod.ru
63904,2558500,Jeri,Shankle,Inglewood,310-236-4224,jshankler9@vistaprint.com
88567,787000,Josee,Josowitz,Wilmington,302-773-1737,jjosowitzra@multiply.com
32630,2188900,Kin,Raynard,Orlando,407-715-7896,kraynardrb@aol.com
12881,2279600,Georgiana,Ellinor,Monroe,318-930-0553,gellinorrc@scribd.com
18029,149300,Arni,Ogbourne,Oakland,510-763-1562,aogbournerd@facebook.com
88031,3031400,Felicia,Ingley,Raleigh,919-956-5120,fingleyre@harvard.edu
30838,2257900,Abby,Sapwell,Birmingham,205-764-6028,asapwellrf@wp.com
67248,2493500,Mallory,Kerne,San Jose,408-605-3698,mkernerg@nbcnews.com
91106,887800,Olympe,Shapero,Cleveland,216-451-9603,oshaperorh@irs.gov
72836,2324100,Arty,Katzmann,Seattle,206-322-2474,akatzmannri@hibu.com
58421,2151100,Tully,Mallison,Washington,202-422-6243,tmallisonrj@surveymonkey.com
95060,2286500,Currey,Mundwell,Portsmouth,603-364-3101,cmundwellrk@tinyurl.com
13207,149500,Garik,Hill,Baton Rouge,225-868-1827,ghillrl@canalblog.com
67093,149700,Netty,Laroze,Buffalo,716-617-5310,nlarozerm@ovh.net
71147,2151900,Andriette,Crimes,Buffalo,716-408-6581,acrimesrn@blogtalkradio.com
88371,2597100,Wald,Errichiello,Memphis,901-423-4717,werrichielloro@mozilla.com
39162,2287100,Torey,Idell,Wilmington,302-784-6545,tidellrp@dyndns.org
55831,150100,Maurise,MacColm,Charleston,843-961-0871,mmaccolmrq@bandcamp.com
25557,2228300,Sherry,Rosborough,Kansas City,913-309-4812,srosboroughrr@t.co
